year,motor,running,wheel,color,car_type,status,motor_volume,price
2022,Բենզին,3000  կմ,Ձախ,Երկնագույն,Սեդան,Գերազանց,2.0,24500
2014,Բենզին,132000  կմ,Ձախ,Սև,Սեդան,Գերազանց,2.0,25500
2018,Բենզին,95000  մղոն,Ձախ,Այլ գույն,Սեդան,Գերազանց,2.0,11700
2002,Բենզին,137000  մղոն,Ձախ,Ոսկեգույն,Սեդան,Գերազանց,3.2,12000
2017,Բենզին,130000  կմ,Ձախ,Սև,Սեդան,Լավ,2.0,26000
2001,Բենզին,286293  կմ,Ձախ,Կապույտ,Սեդան,Լավ,1.8,6000
2019,Բենզին,49000  մղոն,Ձախ,Մոխրագույն,Ամենագնաց,Գերազանց,2.0,23200
2018,Բենզին,70000  մղոն,Ձախ,Արծաթագույն,Ամենագնաց,Գերազանց,2.5,19800
2019,Բենզին,85000  կմ,Ձախ,Սև,Սեդան,Գերազանց,2.0,7000
2021,Բենզին,58000  մղոն,Ձախ,Արծաթագույն,Սեդան,Վթարված,2.0,13900
2018,Բենզին,50000  մղոն,Ձախ,Սև,Ամենագնաց,Գերազանց,2.5,18500
2016,Բենզին,135800  կմ,Ձախ,Արծաթագույն,Ամենագնաց,Գերազանց,2.0,16800
2007,Բենզին,191000  կմ,Ձախ,Արծաթագույն,Սեդան,Լավ,2.5,7800
2018,Բենզին,220000  կմ,Ձախ,Արծաթագույն,Սեդան,Գերազանց,2.0,14300
2019,Բենզին,38100  մղոն,Ձախ,Սև,Սեդան,Գերազանց,2.0,15300
2018,Բենզին,102000  մղոն,Ձախ,Սպիտակ,Ունիվերսալ,Լավ,2.0,16900
2018,Բենզին,126000  կմ,Ձախ,Սպիտակ,Սեդան,Գերազանց,1.6,14300
2017,Գազ,98000  կմ,Ձախ,Սպիտակ,Սեդան,Գերազանց,2.0,17500
2017,Բենզին,60000  մղոն,Ձախ,Սպիտակ,Սեդան,Գերազանց,2.0,15500
2017,Բենզին,99000  կմ,Ձախ,Սպիտակ,Սեդան,Գերազանց,1.6,22000
2011,Բենզին,230000  կմ,Ձախ,Մոխրագույն,Սեդան,Գերազանց,2.0,12700
2019,Բենզին,33000  մղոն,Ձախ,Սև,Սեդան,Գերազանց,2.0,14800
2016,Բենզին,630000  մղոն,Ձախ,Սպիտակ,Սեդան,Գերազանց,2.0,12500
2022,Բենզին,7000  մղոն,Ձախ,Սև,Սեդան,Գերազանց,2.0,23800
2010,Բենզին,194000  մղոն,Ձախ,Սմբկագույն,Սեդան,Լավ,2.0,7600
2018,Բենզին,50000  մղոն,Ձախ,Սպիտակ,Ամենագնաց,Լավ,2.0,19000
2014,Բենզին,92000  մղոն,Ձախ,Սև,Սեդան,Գերազանց,1.8,11100
2017,Բենզին,65000  մղոն,Ձախ,Նարնջագույն,Ունիվերսալ,Գերազանց,2.5,20500
2012,Բենզին,143  մղոն,Ձախ,Մոխրագույն,Սեդան,Լավ,1.8,10500
2010,Բենզին,238371  կմ,Ձախ,Սև,Սեդան,Լավ,3.0,12300
2019,Բենզին,45000  կմ,Ձախ,Կարմիր,Սեդան,Գերազանց,1.6,19000
2019,Բենզին,64000  մղոն,Ձախ,Սև,Սեդան,Գերազանց,2.0,17000
2017,Գազ,80000  մղոն,Ձախ,Սև,Սեդան,Գերազանց,2.0,15000
2018,Բենզին,44000  մղոն,Ձախ,Սպիտակ,Սեդան,Գերազանց,2.0,16200
2019,Բենզին,78900  մղոն,Ձախ,Կարմիր,Սեդան,Վթարված,2.0,11000
2002,Բենզին,185000  կմ,Ձախ,Այլ գույն,Սեդան,Նորմալ,2.0,6800
2019,Բենզին,76000  մղոն,Ձախ,Սպիտակ,Ամենագնաց,Գերազանց,2.5,17800
2015,Բենզին,18000  կմ,Ձախ,Սև,Սեդան,Գերազանց,2.0,15500
2010,Բենզին,210000  կմ,Ձախ,Սև,Սեդան,Գերազանց,2.0,10900
1997,Գազ,144000  կմ,Ձախ,Սպիտակ,Սեդան,Գերազանց,2.0,8200
2017,Գազ,105000  կմ,Ձախ,Սպիտակ,Սեդան,Գերազանց,2.0,19700
2019,Բենզին,74000  կմ,Ձախ,Մոխրագույն,Սեդան,Գերազանց,2.0,16500
2018,Բենզին,68000  մղոն,Ձախ,Սև,Սեդան,Լավ,2.0,16500
2019,Բենզին,107000  կմ,Ձախ,Սպիտակ,Սեդան,Վթարված,2.0,12500
2019,Բենզին,30000  մղոն,Ձախ,Կարմիր,Սեդան,Գերազանց,2.0,15000
2019,Բենզին,57000  մղոն,Ձախ,Սպիտակ,Սեդան,Գերազանց,2.0,16500
2018,Բենզին,20000  մղոն,Ձախ,Կապույտ,Սեդան,Գերազանց,2.0,15750
1998,Բենզին,200000  կմ,Ձախ,Կանաչ,Սեդան,Լավ,3.2,5500
2008,Բենզին,250  կմ,Ձախ,Սպիտակ,Սեդան,Լավ,3.0,10800
2001,Գազ,260000  կմ,Ձախ,Սպիտակ,Սեդան,Լավ,2.0,6000
2021,Բենզին,38000  կմ,Ձախ,Կապույտ,Ամենագնաց,Գերազանց,2.5,8375
2021,Բենզին,30500  կմ,Ձախ,Մոխրագույն,Սեդան,Գերազանց,2.0,25500
2019,Բենզին,80000  կմ,Ձախ,Սպիտակ,Սեդան,Լավ,2.0,17700
2021,Բենզին,13000  մղոն,Ձախ,Սև,Սեդան,Գերազանց,2.0,21500
2009,Բենզին,143000  մղոն,Ձախ,Այլ գույն,Ամենագնաց,Լավ,2.0,9300
2018,Բենզին,34000  մղոն,Ձախ,Նարնջագույն,Ամենագնաց,Գերազանց,2.0,18700
2023,Բենզին,700  մղոն,Ձախ,Սև,Սեդան,Վթարված,2.0,24000
2020,Բենզին,15000  մղոն,Ձախ,Սև,Սեդան,Լավ,2.0,17200
2017,Բենզին,85000  մղոն,Ձախ,Սպիտակ,Սեդան,Գերազանց,2.0,12600
2017,Բենզին,82000  մղոն,Ձախ,Արծաթագույն,Սեդան,Գերազանց,2.0,13200
2022,Բենզին,2251  կմ,Ձախ,Կարմիր,Սեդան,Գերազանց,2.0,30000
2017,Բենզին,130000  կմ,Ձախ,Կապույտ,Սեդան,Գերազանց,1.8,15700
2020,Բենզին,68000  կմ,Ձախ,Արծաթագույն,Սեդան,Գերազանց,2.5,14850
2014,Բենզին,92215  կմ,Ձախ,Սպիտակ,Սեդան,Գերազանց,2.0,13900
2018,Բենզին,39243  մղոն,Ձախ,Արծաթագույն,Ամենագնաց,Գերազանց,2.5,24900
1999,Բենզին,380000  կմ,Ձախ,Սև,Սեդան,Գերազանց,2.0,6300
2020,Բենզին,24000  մղոն,Ձախ,Սև,Ամենագնաց,Գերազանց,2.0,18700
2016,Բենզին,60000  կմ,Ձախ,Մոխրագույն,Սեդան,Գերազանց,2.0,31000
2020,Բենզին,39000  մղոն,Ձախ,Մոխրագույն,Սեդան,Գերազանց,2.0,16200
2008,Բենզին,230000  կմ,Ձախ,Սպիտակ,Սեդան,Գերազանց,2.0,11200
1995,Գազ,300000  կմ,Ձախ,Արծաթագույն,Սեդան,Լավ,1.8,15750
2001,Գազ,300000  կմ,Ձախ,Արծաթագույն,Սեդան,Գերազանց,2.0,15750
2000,Գազ,317000  կմ,Ձախ,Սև,Սեդան,Լավ,2.0,5200
2020,Բենզին,11000  մղոն,Ձախ,Սև,Սեդան,Գերազանց,2.0,13500
2017,Բենզին,95000  մղոն,Ձախ,Նարնջագույն,Ամենագնաց,Գերազանց,2.0,17500
2020,Բենզին,20999  մղոն,Ձախ,Մոխրագույն,Սեդան,Գերազանց,2.0,18600
2017,Բենզին,108000  մղոն,Ձախ,Սպիտակ,Ամենագնաց,Գերազանց,2.0,15300
2018,Բենզին,78000  մղոն,Ձախ,Մոխրագույն,Ամենագնաց,Լավ,2.0,18000
1996,Բենզին,250000  կմ,Ձախ,Սև,Սեդան,Նորմալ,2.0,2100
2016,Բենզին,100000  մղոն,Ձախ,Սև,Սեդան,Գերազանց,2.0,15000
2022,Բենզին,11000  կմ,Ձախ,Մոխրագույն,Ամենագնաց,Գերազանց,1.5,40000
1996,Բենզին,500000  կմ,Ձախ,Կապույտ,Սեդան,Լավ,2.0,4200
2019,Բենզին,40000  մղոն,Ձախ,Մոխրագույն,Սեդան,Գերազանց,2.0,14000
2018,Բենզին,85000  կմ,Ձախ,Սև,Ունիվերսալ,Գերազանց,2.5,23000
2001,Բենզին,315324  կմ,Ձախ,Սև,Սեդան,Լավ,2.0,6000
2022,Բենզին,4700  մղոն,Ձախ,Սպիտակ,Սեդան,Գերազանց,2.0,27900
2012,Բենզին,10  կմ,Ձախ,Սպիտակ,Սեդան,Գերազանց,2.5,10300
2022,Բենզին,36500  կմ,Ձախ,Մոխրագույն,Սեդան,Գերազանց,2.0,48000
2015,Բենզին,96000  մղոն,Ձախ,Սպիտակ,Սեդան,Գերազանց,2.0,12800
2016,Բենզին,97500  մղոն,Ձախ,Սև,Ամենագնաց,Լավ,2.5,16000
2019,Բենզին,102000  մղոն,Ձախ,Մոխրագույն,Սեդան,Գերազանց,2.0,14300
2019,Բենզին,14800  մղոն,Ձախ,Սև,Սեդան,Գերազանց,2.0,17500
2018,Բենզին,15000  կմ,Ձախ,Սպիտակ,Ամենագնաց,Գերազանց,2.0,16500
2017,Բենզին,65000  մղոն,Ձախ,Սև,Ամենագնաց,Լավ,2.0,18400
2017,Բենզին,61250  մղոն,Ձախ,Սպիտակ,Ամենագնաց,Գերազանց,2.0,19500
2014,Բենզին և գազ,150000  կմ,Ձախ,Սև,Սեդան,Գերազանց,1.8,10900
1999,Բենզին և գազ,160000  մղոն,Ձախ,Սպիտակ,Սեդան,Գերազանց,2.0,8500
2017,Բենզին,122000  մղոն,Ձախ,Արծաթագույն,Ամենագնաց,Լավ,2.5,16500
2019,Բենզին,70000  մղոն,Ձախ,Արծաթագույն,Սեդան,Գերազանց,2.0,14700
2018,Բենզին,103000  մղոն,Ձախ,Սև,Ամենագնաց,Լավ,2.0,15500
2018,Բենզին,48000  կմ,Ձախ,Սև,Սեդան,Գերազանց,2.0,28700
2018,Բենզին,93  կմ,Ձախ,Սև,Ամենագնաց,Գերազանց,2.5,18300
2021,Բենզին,53000  մղոն,Ձախ,Մոխրագույն,Սեդան,Գերազանց,2.0,19700
2019,Բենզին,30400  կմ,Ձախ,Սև,Սեդան,Գերազանց,2.0,14200
2016,Բենզին,140000  կմ,Ձախ,Սպիտակ,Սեդան,Գերազանց,3.0,21000
2017,Բենզին,100000  մղոն,Ձախ,Սև,Ամենագնաց,Գերազանց,2.0,17000
2001,Գազ,305000  կմ,Ձախ,Արծաթագույն,Սեդան,Նորմալ,3.2,6000
2018,Բենզին,57000  կմ,Ձախ,Կարմիր,Ամենագնաց,Գերազանց,2.0,18000
2019,Բենզին,33000  մղոն,Ձախ,Սև,Սեդան,Գերազանց,2.0,14000
2017,Բենզին,88000  մղոն,Ձախ,Սև,Սեդան,Լավ,2.0,23500
2007,Բենզին,98700  մղոն,Ձախ,Արծաթագույն,Սեդան,Լավ,2.0,7700
1993,Բենզին,411732  կմ,Ձախ,Մոխրագույն,Սեդան,Նորմալ,2.0,3500
2018,Բենզին,62000  մղոն,Ձախ,Սպիտակ,Ամենագնաց,Գերազանց,2.0,22000
2002,Բենզին և գազ,187400  կմ,Ձախ,Արծաթագույն,Սեդան,Գերազանց,2.0,6625
2006,Բենզին,205000  կմ,Ձախ,Արծաթագույն,Սեդան,Լավ,2.5,9000
2016,Բենզին,115000  կմ,Ձախ,Սև,Սեդան,Գերազանց,2.0,24000
2020,Բենզին,23000  կմ,Ձախ,Սև,Սեդան,Վթարված,2.0,15700
2019,Բենզին,38000  մղոն,Ձախ,Սև,Ամենագնաց,Գերազանց,2.0,28000
2016,Բենզին,115000  կմ,Ձախ,Սպիտակ,Սեդան,Գերազանց,2.0,28000
2014,Բենզին,119000  մղոն,Ձախ,Այլ գույն,Սեդան,Լավ,2.0,12200
2020,Բենզին,36000  մղոն,Ձախ,Կապույտ,Սեդան,Գերազանց,2.0,17000
2013,Բենզին,61000  մղոն,Ձախ,Սպիտակ,Սեդան,Լավ,1.8,15750
2019,Բենզին,60000  մղոն,Ձախ,Սև,Սեդան,Գերազանց,1.8,24300
2021,Բենզին,31000  կմ,Ձախ,Արծաթագույն,Սեդան,Գերազանց,2.0,28000
2016,Բենզին,70000  կմ,Ձախ,Սև,Սեդան,Գերազանց,2.0,29000
2014,Բենզին,196000  կմ,Ձախ,Սպիտակ,Սեդան,Գերազանց,1.6,14800
1997,Բենզին և գազ,161  կմ,Ձախ,Արծաթագույն,Սեդան,Լավ,2.0,8700
2017,Բենզին,100  կմ,Ձախ,Արծաթագույն,Կուպե,Գերազանց,0.2,29000
2016,Բենզին,120000  մղոն,Ձախ,Սև,Սեդան,Գերազանց,2.0,16900
1997,Բենզին,250127  կմ,Ձախ,Արծաթագույն,Սեդան,Նորմալ,2.0,3900
2016,Բենզին և գազ,61000  մղոն,Ձախ,Կապույտ,Սեդան,Գերազանց,2.0,12500
2014,Բենզին,105000  կմ,Ձախ,Կապույտ,Սեդան,Գերազանց,2.0,10000
2022,Բենզին,2400  մղոն,Ձախ,Սև,Սեդան,Նոր,2.0,25500
2016,Բենզին,100000  կմ,Ձախ,Սպիտակ,Սեդան,Լավ,2.0,14000
1998,Գազ,300000  կմ,Ձախ,Արծաթագույն,Սեդան,Նորմալ,2.0,6500
2019,Բենզին,70000  կմ,Ձախ,Արծաթագույն,Սեդան,Գերազանց,2.0,15900
2000,Բենզին,123456  կմ,Ձախ,Արծաթագույն,Սեդան,Լավ,1.8,5800
2023,Բենզին,6300  կմ,Ձախ,Մոխրագույն,Սեդան,Գերազանց,2.0,40700
2001,Բենզին,290000  կմ,Ձախ,Ոսկեգույն,Սեդան,Գերազանց,2.0,7300
2019,Բենզին,70000  կմ,Ձախ,Կապույտ,Ամենագնաց,Լավ,2.0,14500
2017,Բենզին,77000  մղոն,Ձախ,Սպիտակ,Ամենագնաց,Գերազանց,2.0,15250
2018,Բենզին,90000  կմ,Ձախ,Սև,Սեդան,Գերազանց,2.0,12500
2019,Բենզին,40000  մղոն,Ձախ,Սև,Ամենագնաց,Գերազանց,2.0,19800
2018,Բենզին,24000  մղոն,Ձախ,Բալագույն,Սեդան,Գերազանց,2.0,12800
2021,Բենզին,12900  մղոն,Ձախ,Կապույտ,Սեդան,Գերազանց,2.0,19000
2016,Բենզին,56000  մղոն,Ձախ,Կապույտ,Սեդան,Գերազանց,2.0,12300
2015,Բենզին,150000  կմ,Ձախ,Սև,Սեդան,Գերազանց,2.0,25000
2018,Բենզին,69000  մղոն,Ձախ,Սպիտակ,Ամենագնաց,Նոր,2.0,22200
2018,Բենզին,75000  մղոն,Ձախ,Սև,Սեդան,Գերազանց,2.0,18000
2019,Բենզին,70000  կմ,Ձախ,Սև,Ամենագնաց,Գերազանց,2.0,22500
2015,Բենզին,123000  կմ,Ձախ,Մոխրագույն,Սեդան,Լավ,2.0,15000
2021,Բենզին,23000  կմ,Ձախ,Մոխրագույն,Սեդան,Նոր,2.0,24800
2014,Բենզին,71000  կմ,Ձախ,Սպիտակ,Սեդան,Գերազանց,1.8,25000
2017,Բենզին,68000  կմ,Ձախ,Սև,Ունիվերսալ,Գերազանց,2.0,23900
2007,Բենզին,181000  մղոն,Ձախ,Սպիտակ,Սեդան,Լավ,2.0,9000
2017,Բենզին,82000  մղոն,Ձախ,Արծաթագույն,Սեդան,Լավ,2.0,11400
2007,Բենզին,150000  կմ,Ձախ,Սպիտակ,Սեդան,Լավ,1.6,7700
2007,Գազ,129000  կմ,Ձախ,Սև,Սեդան,Գերազանց,2.5,14200
2018,Բենզին,23  մղոն,Ձախ,Սև,Սեդան,Լավ,2.0,15550
2016,Բենզին,110000  կմ,Ձախ,Սպիտակ,Սեդան,Գերազանց,2.0,12300
2011,Բենզին,259150  կմ,Ձախ,Սմբկագույն,Սեդան,Լավ,2.0,8000
2011,Բենզին,180000  մղոն,Ձախ,Սև,Սեդան,Լավ,1.8,8900
2019,Բենզին,44000  մղոն,Ձախ,Սև,Սեդան,Լավ,2.0,15600
2019,Բենզին,50400  մղոն,Ձախ,Արծաթագույն,Սեդան,Գերազանց,2.0,16000
2017,Բենզին,60000  մղոն,Ձախ,Սպիտակ,Ամենագնաց,Գերազանց,2.0,17500
2021,Բենզին,35000  կմ,Ձախ,Սպիտակ,Սեդան,Գերազանց,2.0,21500
2017,Բենզին,84000  կմ,Ձախ,Սև,Սեդան,Գերազանց,2.0,32000
2017,Բենզին,110000  մղոն,Ձախ,Սև,Սեդան,Գերազանց,1.8,14500
1995,Գազ,300000  կմ,Ձախ,Կանաչ,Սեդան,Լավ,1.8,5000
1995,Բենզին,287405  կմ,Ձախ,Արծաթագույն,Սեդան,Լավ,2.0,4200
2015,Բենզին,90000  մղոն,Ձախ,Սև,Սեդան,Գերազանց,2.0,11500
2019,Բենզին,70000  մղոն,Ձախ,Սև,Ամենագնաց,Լավ,2.5,18500
2017,Բենզին,81000  կմ,Ձախ,Սև,Սեդան,Գերազանց,2.0,18500
2009,Բենզին,100000  կմ,Ձախ,Սև,Սեդան,Գերազանց,1.4,11000
2018,Բենզին,54000  մղոն,Ձախ,Սպիտակ,Սեդան,Գերազանց,2.0,35000
2014,Բենզին,42000  մղոն,Ձախ,Արծաթագույն,Սեդան,Գերազանց,1.8,16000
2020,Բենզին,28000  մղոն,Ձախ,Սև,Սեդան,Լավ,2.0,19500
2010,Բենզին,105000  կմ,Ձախ,Մոխրագույն,Սեդան,Գերազանց,2.0,7500
2022,Բենզին,1200  կմ,Ձախ,Սպիտակ,Սեդան,Նոր,2.0,26900
2020,Բենզին,15500  մղոն,Ձախ,Սպիտակ,Ամենագնաց,Գերազանց,2.0,21500
2017,Բենզին,99950  մղոն,Ձախ,Բալագույն,Սեդան,Գերազանց,2.0,12700
2017,Բենզին,69000  մղոն,Ձախ,Սև,Սեդան,Գերազանց,2.0,14500
2019,Բենզին,46000  մղոն,Ձախ,Սև,Սեդան,Գերազանց,2.0,15800
2014,Բենզին և գազ,138  մղոն,Ձախ,Սև,Սեդան,Լավ,2.0,15750
2003,Բենզին,254000  կմ,Ձախ,Արծաթագույն,Սեդան,Լավ,2.6,6000
2022,Բենզին,3500  կմ,Ձախ,Կապույտ,Սեդան,Գերազանց,1.6,27500
2017,Բենզին և գազ,96000  կմ,Ձախ,Այլ գույն,Սեդան,Գերազանց,1.8,17600
2012,Բենզին,143000  կմ,Ձախ,Սպիտակ,Սեդան,Գերազանց,2.0,11300
2017,Բենզին,35000  մղոն,Ձախ,Սև,Սեդան,Վթարված,2.0,24500
2013,Բենզին,165000  կմ,Ձախ,Սպիտակ,Սեդան,Գերազանց,3.0,19500
2013,Գազ,110000  մղոն,Ձախ,Արծաթագույն,Սեդան,Գերազանց,2.0,7000
2019,Բենզին,60500  մղոն,Ձախ,Սպիտակ,Սեդան,Գերազանց,2.0,14500
2016,Բենզին,40000  մղոն,Ձախ,Արծաթագույն,Սեդան,Գերազանց,2.0,12800
2017,Բենզին,84000  կմ,Ձախ,Սպիտակ,Սեդան,Լավ,2.0,14200
2017,Բենզին,130000  մղոն,Ձախ,Կապույտ,Սեդան,Գերազանց,1.8,16000
2012,Բենզին,117210  մղոն,Ձախ,Կարմիր,Կուպե,Գերազանց,1.8,12000
1997,Բենզին,205000  կմ,Ձախ,Կապույտ,Սեդան,Նորմալ,2.0,2900
2006,Բենզին,250000  կմ,Ձախ,Սև,Սեդան,Լավ,2.0,7300
2019,Բենզին,35000  կմ,Ձախ,Մոխրագույն,Սեդան,Գերազանց,2.0,16300
2019,Բենզին,65000  մղոն,Ձախ,Մոխրագույն,Սեդան,Գերազանց,2.0,16900
2021,Բենզին,23700  կմ,Ձախ,Սև,Սեդան,Գերազանց,2.0,20500
2015,Բենզին,130  մղոն,Ձախ,Սև,Սեդան,Լավ,2.0,12000
2015,Բենզին,77000  մղոն,Ձախ,Սև,Սեդան,Լավ,2.0,24900
2016,Բենզին,130000  կմ,Ձախ,Սև,Սեդան,Գերազանց,2.0,19200
2018,Բենզին,77600  մղոն,Ձախ,Մոխրագույն,Սեդան,Գերազանց,2.0,17500
2017,Բենզին,97000  մղոն,Ձախ,Սև,Սեդան,Գերազանց,2.0,11400
2017,Բենզին,73000  կմ,Ձախ,Սպիտակ,Ամենագնաց,Գերազանց,2.0,22500
2007,Բենզին,250000  կմ,Ձախ,Արծաթագույն,Սեդան,Լավ,2.0,11700
2019,Բենզին,47000  կմ,Ձախ,Մոխրագույն,Սեդան,Գերազանց,2.0,17800
2018,Բենզին,50000  մղոն,Ձախ,Արծաթագույն,Սեդան,Գերազանց,1.8,14000
2019,Բենզին,55000  կմ,Ձախ,Արծաթագույն,Սեդան,Գերազանց,2.0,15300
1995,Բենզին,319000  կմ,Ձախ,Արծաթագույն,Սեդան,Գերազանց,2.0,5300
2020,Բենզին,24000  մղոն,Ձախ,Սև,Սեդան,Գերազանց,2.0,15200
1998,Բենզին և գազ,307000  կմ,Ձախ,Սպիտակ,Սեդան,Գերազանց,1.8,6000
2017,Բենզին,90000  կմ,Ձախ,Արծաթագույն,Սեդան,Գերազանց,2.0,21500
2008,Բենզին,250000  կմ,Ձախ,Սև,Սեդան,Լավ,3.0,10500
2017,Բենզին,83000  մղոն,Ձախ,Մոխրագույն,Ամենագնաց,Գերազանց,2.0,15300
2022,Բենզին,4500  կմ,Ձախ,Սև,Ամենագնաց,Գերազանց,1.5,32500
2019,Բենզին,1600  կմ,Ձախ,Մոխրագույն,Սեդան,Գերազանց,2.0,24500
2014,Գազ,140000  մղոն,Ձախ,Սև,Սեդան,Գերազանց,2.0,13300
2008,Գազ,248000  կմ,Ձախ,Սպիտակ,Սեդան,Գերազանց,2.0,9500
2014,Բենզին,52000  մղոն,Ձախ,Սև,Սեդան,Գերազանց,1.8,14000
1996,Գազ,270000  կմ,Ձախ,Սև,Սեդան,Լավ,2.0,4700
2017,Բենզին,52000  մղոն,Ձախ,Սև,Սեդան,Գերազանց,2.0,13800
1997,Բենզին,160000  կմ,Ձախ,Արծաթագույն,Սեդան,Գերազանց,2.0,5200
2017,Բենզին,70000  մղոն,Ձախ,Սև,Ունիվերսալ,Գերազանց,2.0,15700
2018,Բենզին,130000  կմ,Ձախ,Սև,Սեդան,Գերազանց,1.8,19500
2020,Բենզին,22000  կմ,Ձախ,Կապույտ,Սեդան,Գերազանց,2.0,20000
2018,Բենզին,55000  մղոն,Ձախ,Կարմիր,Սեդան,Գերազանց,2.0,13400
2019,Բենզին,35286  մղոն,Ձախ,Արծաթագույն,Սեդան,Գերազանց,2.0,16400
1998,Բենզին,270000  կմ,Ձախ,Կապույտ,Սեդան,Նորմալ,2.0,5200
2017,Գազ,85000  մղոն,Ձախ,Արծաթագույն,Սեդան,Գերազանց,2.0,13500
2017,Բենզին և գազ,66000  մղոն,Ձախ,Կապույտ,Սեդան,Գերազանց,2.0,11400
2021,Բենզին,23000  կմ,Ձախ,Բալագույն,Սեդան,Գերազանց,2.0,25700
2017,Բենզին,125000  մղոն,Ձախ,Արծաթագույն,Սեդան,Լավ,2.0,13300
2018,Բենզին,35000  մղոն,Ձախ,Շագանակագույն,Սեդան,Գերազանց,2.0,13800
2020,Բենզին,39000  մղոն,Ձախ,Սպիտակ,Սեդան,Գերազանց,2.0,15500
2023,Բենզին,630  կմ,Ձախ,Մոխրագույն,Սեդան,Գերազանց,2.0,26000
2010,Բենզին,10  կմ,Ձախ,Սև,Սեդան,Գերազանց,2.0,12000
2018,Բենզին,42000  մղոն,Ձախ,Կապույտ,Սեդան,Գերազանց,2.0,16000
2020,Բենզին,3900  կմ,Ձախ,Սպիտակ,Սեդան,Գերազանց,2.0,17500
2017,Բենզին և գազ,120000  մղոն,Ձախ,Սև,Սեդան,Գերազանց,2.0,11500
2007,Գազ,300000  կմ,Ձախ,Սպիտակ,Սեդան,Լավ,2.0,8300
2003,Բենզին,308000  կմ,Ձախ,Սպիտակ,Սեդան,Լավ,2.0,6000
2019,Բենզին,81000  մղոն,Ձախ,Արծաթագույն,Սեդան,Գերազանց,2.0,16500
2020,Բենզին,53000  մղոն,Ձախ,Արծաթագույն,Սեդան,Լավ,2.0,13700
2018,Բենզին,71000  կմ,Ձախ,Սպիտակ,Ունիվերսալ,Գերազանց,2.0,17700
2008,Բենզին,229000  կմ,Ձախ,Սև,Սեդան,Գերազանց,2.0,10800
2022,Բենզին,5000  մղոն,Ձախ,Սպիտակ,Սեդան,Լավ,2.0,26900
2012,Գազ,110000  մղոն,Ձախ,Սպիտակ,Սեդան,Գերազանց,2.0,12000
2008,Բենզին,173000  կմ,Ձախ,Արծաթագույն,Սեդան,Գերազանց,2.0,6800
1998,Գազ,300000  կմ,Ձախ,Սև,Սեդան,Լավ,2.0,4700
2017,Բենզին,54000  կմ,Ձախ,Բեժ,Սեդան,Գերազանց,2.5,22000
2020,Բենզին,100000  կմ,Ձախ,Սև,Սեդան,Լավ,2.0,19000
2018,Բենզին,30000  մղոն,Ձախ,Մոխրագույն,Սեդան,Գերազանց,2.0,17000
2018,Բենզին,26000  մղոն,Ձախ,Սպիտակ,Ունիվերսալ,Գերազանց,2.5,20500
2019,Բենզին,48000  կմ,Ձախ,Նարնջագույն,Սեդան,Լավ,2.0,13500
2019,Բենզին,56000  մղոն,Ձախ,Մոխրագույն,Սեդան,Գերազանց,2.0,17000
2020,Բենզին,90000  կմ,Ձախ,Մոխրագույն,Ամենագնաց,Գերազանց,2.0,18400
2008,Գազ,150000  մղոն,Ձախ,Սպիտակ,Սեդան,Լավ,2.0,9500
2019,Բենզին,67000  կմ,Ձախ,Սև,Ամենագնաց,Լավ,2.0,22300
2019,Բենզին,27000  մղոն,Ձախ,Սև,Սեդան,Գերազանց,2.0,15900
2021,Բենզին,50000  կմ,Ձախ,Սև,Սեդան,Գերազանց,2.0,19500
2020,Բենզին,8250  մղոն,Ձախ,Սպիտակ,Ամենագնաց,Գերազանց,2.0,21000
2018,Բենզին,64000  մղոն,Ձախ,Սպիտակ,Սեդան,Գերազանց,2.0,14000
2020,Բենզին,44886  մղոն,Ձախ,Սպիտակ,Սեդան,Գերազանց,2.0,17500
2020,Բենզին,33600  մղոն,Ձախ,Մոխրագույն,Սեդան,Գերազանց,2.0,18200
2019,Բենզին,40000  մղոն,Ձախ,Կապույտ,Սեդան,Գերազանց,2.0,15800
2012,Բենզին,150000  մղոն,Ձախ,Սպիտակ,Սեդան,Գերազանց,1.8,10500
2017,Բենզին,131000  կմ,Ձախ,Սև,Սեդան,Նորմալ,2.0,13500
2022,Բենզին,10000  կմ,Ձախ,Սպիտակ,Սեդան,Գերազանց,2.0,19500
2017,Բենզին,69000  մղոն,Ձախ,Արծաթագույն,Ամենագնաց,Գերազանց,2.5,15000
2018,Բենզին,70000  մղոն,Ձախ,Սև,Ամենագնաց,Գերազանց,2.0,18500
2017,Բենզին,66000  մղոն,Ձախ,Արծաթագույն,Սեդան,Լավ,2.0,12000
2011,Բենզին,75500  մղոն,Ձախ,Սև,Սեդան,Գերազանց,1.8,9700
2015,Բենզին,140000  կմ,Ձախ,Սպիտակ,Սեդան,Լավ,1.8,9800
1998,Գազ,290000  կմ,Ձախ,Արծաթագույն,Սեդան,Նորմալ,2.0,5200
2016,Բենզին,84000  կմ,Ձախ,Սպիտակ,Սեդան,Գերազանց,2.0,30000
2018,Բենզին,53000  կմ,Ձախ,Սև,Ամենագնաց,Գերազանց,2.5,19300
2018,Բենզին,60000  մղոն,Ձախ,Արծաթագույն,Ամենագնաց,Գերազանց,2.0,17500
2006,Բենզին,183000  կմ,Ձախ,Սև,Սեդան,Գերազանց,2.0,8000
2019,Բենզին,11295  մղոն,Ձախ,Սև,Սեդան,Գերազանց,2.0,17500
2019,Բենզին,76000  կմ,Ձախ,Սպիտակ,Սեդան,Գերազանց,2.0,15600
1994,Բենզին և գազ,250  կմ,Ձախ,Սև,Սեդան,Լավ,2.0,3000
1998,Գազ,115000  կմ,Ձախ,Սպիտակ,Սեդան,Գերազանց,2.0,15750
1994,Գազ,280000  կմ,Ձախ,Սև,Սեդան,Լավ,2.0,4000
2019,Բենզին,69000  կմ,Ձախ,Սպիտակ,Ամենագնաց,Գերազանց,2.0,22700
2019,Բենզին,65000  մղոն,Ձախ,Արծաթագույն,Սեդան,Լավ,2.0,15500
2019,Բենզին,71300  մղոն,Ձախ,Սև,Սեդան,Գերազանց,2.0,16500
2018,Բենզին,87000  մղոն,Ձախ,Սպիտակ,Ամենագնաց,Գերազանց,2.5,18500
1998,Գազ,450000  կմ,Ձախ,Կապույտ,Սեդան,Գերազանց,2.0,6200
2013,Բենզին,102000  մղոն,Ձախ,Մոխրագույն,Սեդան,Լավ,2.0,10000
2016,Բենզին,120  մղոն,Ձախ,Կապույտ,Ամենագնաց,Գերազանց,2.0,12700
2009,Բենզին,200000  կմ,Ձախ,Կապույտ,Ամենագնաց,Գերազանց,2.0,10500
2020,Բենզին,15000  կմ,Ձախ,Մոխրագույն,Սեդան,Գերազանց,2.0,15500
2019,Բենզին,49000  մղոն,Ձախ,Արծաթագույն,Սեդան,Գերազանց,2.0,17000
2019,Բենզին,36000  կմ,Ձախ,Սև,Ունիվերսալ,Լավ,2.0,22000
2017,Բենզին,45000  կմ,Ձախ,Սև,Սեդան,Գերազանց,2.0,29000
2012,Բենզին,180000  կմ,Ձախ,Սև,Սեդան,Լավ,2.0,9500
2021,Բենզին,32000  կմ,Ձախ,Սպիտակ,Սեդան,Գերազանց,2.0,24000
2020,Բենզին,15000  մղոն,Ձախ,Սպիտակ,Կուպե,Գերազանց,2.0,51000
1999,Բենզին և գազ,220000  կմ,Ձախ,Կապույտ,Սեդան,Գերազանց,2.0,4700
2019,Բենզին,40000  կմ,Ձախ,Մոխրագույն,Սեդան,Գերազանց,2.0,16900
2018,Բենզին,54000  կմ,Ձախ,Արծաթագույն,Սեդան,Գերազանց,2.0,15000
2018,Բենզին,76620  մղոն,Ձախ,Սպիտակ,Սեդան,Վթարված,2.0,12500
2000,Բենզին,209000  կմ,Ձախ,Կապույտ,Սեդան,Նորմալ,2.0,5300
2017,Գազ,75000  մղոն,Ձախ,Շագանակագույն,Սեդան,Լավ,2.0,13800
1998,Գազ,305000  կմ,Ձախ,Կապույտ,Սեդան,Նորմալ,2.0,5000
2019,Բենզին,30500  մղոն,Ձախ,Կապույտ,Սեդան,Գերազանց,2.0,16800
2021,Բենզին,14900  կմ,Ձախ,Մոխրագույն,Սեդան,Գերազանց,2.0,462
2016,Բենզին,84000  կմ,Ձախ,Սև,Սեդան,Գերազանց,2.0,13500
2017,Բենզին,59000  կմ,Ձախ,Արծաթագույն,Ամենագնաց,Գերազանց,2.5,17500
2021,Բենզին,72000  կմ,Ձախ,Սպիտակ,Սեդան,Գերազանց,2.0,25500
2017,Բենզին,73000  կմ,Ձախ,Մոխրագույն,Ամենագնաց,Գերազանց,2.5,19000
2017,Բենզին,92600  կմ,Ձախ,Սև,Ամենագնաց,Գերազանց,2.5,16500
2017,Բենզին,86000  կմ,Ձախ,Սև,Ամենագնաց,Գերազանց,2.0,18000
2012,Բենզին,120  մղոն,Ձախ,Բալագույն,Սեդան,Գերազանց,2.0,10500
2020,Բենզին,60000  կմ,Ձախ,Սպիտակ,Սեդան,Վթարված,2.0,13800
2019,Բենզին,25300  կմ,Ձախ,Կապույտ,Սեդան,Գերազանց,2.0,14600
2018,Գազ,42000  մղոն,Ձախ,Սպիտակ,Սեդան,Գերազանց,2.0,15200
2008,Բենզին,218750  մղոն,Ձախ,Մոխրագույն,Սեդան,Լավ,2.0,9000
2019,Բենզին,50000  կմ,Ձախ,Սև,Սեդան,Գերազանց,2.0,19800
2019,Բենզին,26000  մղոն,Ձախ,Կապույտ,Սեդան,Գերազանց,2.0,18500
2000,Բենզին,220000  կմ,Ձախ,Կապույտ,Սեդան,Նորմալ,2.0,4750
2017,Բենզին,70000  կմ,Ձախ,Մոխրագույն,Սեդան,Գերազանց,2.0,31700
2016,Բենզին,111000  մղոն,Ձախ,Այլ գույն,Սեդան,Լավ,2.0,11500
1996,Բենզին,220000  կմ,Ձախ,Կապույտ,Սեդան,Լավ,2.0,4500
2013,Բենզին,86000  մղոն,Ձախ,Սպիտակ,Սեդան,Լավ,2.0,8600
2017,Բենզին,54000  մղոն,Ձախ,Սպիտակ,Ամենագնաց,Գերազանց,2.0,18000
2018,Բենզին,50000  կմ,Ձախ,Մոխրագույն,Ամենագնաց,Գերազանց,2.0,20000
2003,Բենզին,280000  կմ,Ձախ,Արծաթագույն,Սեդան,Նորմալ,2.0,5000
2015,Բենզին,110000  մղոն,Ձախ,Սև,Սեդան,Գերազանց,2.0,13500
2019,Բենզին,70000  մղոն,Ձախ,Մոխրագույն,Ամենագնաց,Լավ,2.0,18500
2022,Բենզին,11000  կմ,Ձախ,Սև,Սեդան,Գերազանց,2.0,24800
2011,Գազ,140000  կմ,Ձախ,Մոխրագույն,Սեդան,Գերազանց,2.0,11000
2015,Բենզին,80000  մղոն,Ձախ,Կապույտ,Սեդան,Գերազանց,2.0,11600
2000,Գազ,200000  կմ,Ձախ,Արծաթագույն,Սեդան,Լավ,2.0,5600
2011,Բենզին և գազ,119000  մղոն,Ձախ,Սև,Սեդան,Գերազանց,1.8,9900
2016,Բենզին,85000  կմ,Ձախ,Սև,Ամենագնաց,Գերազանց,2.5,14900
2009,Գազ,130000  մղոն,Ձախ,Արծաթագույն,Սեդան,Լավ,2.0,10250
2017,Բենզին,75000  մղոն,Ձախ,Սպիտակ,Սեդան,Գերազանց,2.0,14200
1998,Բենզին,270000  կմ,Ձախ,Սև,Սեդան,Գերազանց,2.0,7000
2014,Բենզին,160000  մղոն,Ձախ,Սպիտակ,Սեդան,Գերազանց,2.0,9300
2018,Բենզին,52000  մղոն,Ձախ,Կապույտ,Սեդան,Լավ,2.0,12400
2017,Բենզին,66400  կմ,Ձախ,Սպիտակ,Սեդան,Գերազանց,2.0,12600
2008,Բենզին,120000  կմ,Ձախ,Սպիտակ,Սեդան,Գերազանց,2.0,10500
2010,Գազ,150000  մղոն,Ձախ,Այլ գույն,Սեդան,Լավ,3.0,11000
2020,Բենզին,42000  մղոն,Ձախ,Այլ գույն,Սեդան,Գերազանց,2.0,19800
2019,Բենզին,28000  մղոն,Ձախ,Սպիտակ,Սեդան,Գերազանց,2.0,15750
2019,Բենզին,13000  մղոն,Ձախ,Սև,Սեդան,Գերազանց,2.0,16500
2017,Բենզին,130000  կմ,Ձախ,Սպիտակ,Սեդան,Գերազանց,1.8,15600
2021,Բենզին,33000  մղոն,Ձախ,Կապույտ,Սեդան,Գերազանց,2.0,18400
2019,Բենզին,72000  կմ,Ձախ,Արծաթագույն,Ամենագնաց,Գերազանց,2.5,19000
2017,Բենզին,86000  մղոն,Ձախ,Սև,Ամենագնաց,Գերազանց,2.5,20500
2015,Բենզին,137000  կմ,Ձախ,Սև,Սեդան,Գերազանց,2.0,16000
2020,Բենզին,75000  կմ,Ձախ,Արծաթագույն,Սեդան,Գերազանց,2.0,21500
2016,Բենզին,115000  կմ,Ձախ,Սև,Սեդան,Գերազանց,1.6,17500
2013,Բենզին և գազ,143000  մղոն,Ձախ,Սպիտակ,Սեդան,Լավ,1.8,9300
2019,Բենզին,68000  մղոն,Ձախ,Սև,Սեդան,Գերազանց,2.0,17500
2013,Բենզին,150000  մղոն,Ձախ,Սպիտակ,Սեդան,Լավ,2.0,9600
2017,Բենզին,56000  կմ,Ձախ,Մոխրագույն,Սեդան,Գերազանց,2.0,26000
2017,Բենզին,127000  կմ,Ձախ,Արծաթագույն,Ամենագնաց,Գերազանց,2.0,16500
2012,Բենզին,130000  կմ,Ձախ,Կապույտ,Սեդան,Գերազանց,2.0,12500
2012,Բենզին,104000  կմ,Ձախ,Կապույտ,Ամենագնաց,Լավ,2.0,8500
2013,Բենզին,170000  կմ,Ձախ,Սպիտակ,Սեդան,Գերազանց,1.6,13500
2018,Բենզին,22000  մղոն,Ձախ,Արծաթագույն,Սեդան,Գերազանց,2.0,16500
1998,Գազ,416500  կմ,Ձախ,Կապույտ,Սեդան,Լավ,2.0,5500
2013,Բենզին,113000  մղոն,Ձախ,Սև,Սեդան,Գերազանց,2.0,10800
2011,Բենզին,118000  մղոն,Ձախ,Մոխրագույն,Սեդան,Նորմալ,1.8,9800
2017,Բենզին,70000  կմ,Ձախ,Կապույտ,Սեդան,Գերազանց,2.0,13400
2018,Բենզին,58000  մղոն,Ձախ,Մոխրագույն,Սեդան,Գերազանց,1.6,15700
2020,Բենզին,28000  կմ,Ձախ,Սպիտակ,Սեդան,Գերազանց,2.0,23700
1996,Բենզին,310000  կմ,Ձախ,Սև,Սեդան,Լավ,2.0,4200
2017,Բենզին,85000  կմ,Ձախ,Սև,Ամենագնաց,Գերազանց,2.0,18500
2002,Բենզին,330000  կմ,Ձախ,Արծաթագույն,Սեդան,Գերազանց,2.4,6300
2018,Բենզին,29000  մղոն,Ձախ,Սև,Ամենագնաց,Գերազանց,2.5,17000
2011,Գազ,115000  մղոն,Ձախ,Սև,Սեդան,Լավ,2.0,9200
2016,Բենզին,61  մղոն,Ձախ,Սև,Սեդան,Լավ,1.8,11000
2011,Բենզին,127000  մղոն,Ձախ,Արծաթագույն,Սեդան,Գերազանց,2.0,8500
1998,Գազ,300000  կմ,Ձախ,Սև,Սեդան,Լավ,2.8,6200
2018,Բենզին,95000  կմ,Ձախ,Մոխրագույն,Ամենագնաց,Գերազանց,2.0,18000
2013,Բենզին,120000  մղոն,Ձախ,Սև,Սեդան,Գերազանց,2.0,8500
2016,Բենզին,81000  մղոն,Ձախ,Սպիտակ,Սեդան,Գերազանց,2.0,13000
2018,Բենզին,83000  մղոն,Ձախ,Արծաթագույն,Ամենագնաց,Գերազանց,2.5,17800
2019,Բենզին,19000  մղոն,Ձախ,Սև,Սեդան,Գերազանց,2.0,17000
2011,Բենզին,150000  մղոն,Ձախ,Սև,Սեդան,Լավ,2.0,7000
2019,Բենզին,56000  մղոն,Ձախ,Արծաթագույն,Սեդան,Գերազանց,2.0,15300
2016,Գազ,120000  կմ,Ձախ,Սև,Սեդան,Գերազանց,1.6,17500
2018,Բենզին և գազ,115500  կմ,Ձախ,Սև,Ամենագնաց,Գերազանց,2.5,20000
2014,Բենզին,115000  կմ,Ձախ,Սպիտակ,Սեդան,Լավ,2.0,15000
2016,Բենզին,137000  կմ,Ձախ,Սև,Սեդան,Լավ,2.0,23000
2011,Բենզին,107000  մղոն,Ձախ,Սև,Սեդան,Գերազանց,2.0,12700
2011,Բենզին,118000  մղոն,Ձախ,Կապույտ,Սեդան,Լավ,1.8,9200
2019,Բենզին,50000  մղոն,Ձախ,Սպիտակ,Սեդան,Գերազանց,2.0,14600
2001,Գազ,250000  կմ,Ձախ,Սև,Սեդան,Նորմալ,2.0,4000
2023,Բենզին,3300  կմ,Ձախ,Մոխրագույն,Սեդան,Նոր,2.0,21800
2018,Բենզին,100000  մղոն,Ձախ,Մոխրագույն,Ամենագնաց,Գերազանց,2.0,17000
2019,Բենզին,75000  մղոն,Ձախ,Սև,Սեդան,Գերազանց,2.0,15500
2012,Բենզին,167666  կմ,Ձախ,Սպիտակ,Սեդան,Գերազանց,2.0,15750
1995,Բենզին,258000  կմ,Ձախ,Սև,Սեդան,Լավ,2.0,3300
2017,Բենզին,108000  կմ,Ձախ,Սպիտակ,Ամենագնաց,Գերազանց,2.5,17500
2018,Բենզին,56000  կմ,Ձախ,Սև,Սեդան,Գերազանց,2.0,20500
2018,Բենզին,59000  կմ,Ձախ,Արծաթագույն,Ամենագնաց,Լավ,2.5,19300
2002,Գազ,200000  կմ,Ձախ,Արծաթագույն,Սեդան,Լավ,2.0,6600
2018,Բենզին,73000  կմ,Ձախ,Սև,Սեդան,Գերազանց,2.0,12650
2000,Բենզին,155000  կմ,Ձախ,Արծաթագույն,Սեդան,Գերազանց,2.0,7750
2018,Բենզին,22000  մղոն,Ձախ,Կարմիր,Ամենագնաց,Գերազանց,2.0,16300
2019,Բենզին,43000  մղոն,Ձախ,Սպիտակ,Սեդան,Գերազանց,2.0,15000
2018,Բենզին,55450  մղոն,Ձախ,Արծաթագույն,Ամենագնաց,Լավ,2.0,18500
2017,Բենզին,70000  մղոն,Ձախ,Մոխրագույն,Սեդան,Գերազանց,2.0,27200
2015,Բենզին,200000  կմ,Ձախ,Սպիտակ,Սեդան,Լավ,1.8,25300
2016,Բենզին և գազ,102500  մղոն,Ձախ,Բալագույն,Սեդան,Լավ,2.0,11800
2007,Բենզին,265000  կմ,Ձախ,Սպիտակ,Սեդան,Լավ,2.0,8200
2015,Բենզին,45000  կմ,Ձախ,Մոխրագույն,Սեդան,Գերազանց,2.0,13700
2015,Բենզին,100000  մղոն,Ձախ,Սև,Սեդան,Գերազանց,2.0,14900
2018,Բենզին,70000  կմ,Ձախ,Սև,Սեդան,Գերազանց,2.0,31000
2019,Բենզին,22300  մղոն,Ձախ,Մոխրագույն,Սեդան,Գերազանց,2.0,15800
2017,Բենզին,110000  մղոն,Ձախ,Սպիտակ,Սեդան,Գերազանց,2.0,11950
2017,Բենզին,35000  մղոն,Ձախ,Սպիտակ,Ամենագնաց,Գերազանց,2.0,18300
2021,Բենզին,30000  մղոն,Ձախ,Սև,Ամենագնաց,Գերազանց,2.5,34000
2021,Բենզին,18700  մղոն,Ձախ,Սպիտակ,Սեդան,Գերազանց,2.0,27000
2020,Բենզին,82000  մղոն,Ձախ,Մոխրագույն,Սեդան,Գերազանց,2.0,17500
2018,Բենզին,60000  մղոն,Ձախ,Սև,Սեդան,Գերազանց,2.0,34000
2016,Բենզին,110000  կմ,Ձախ,Սև,Սեդան,Գերազանց,2.0,28300
2017,Բենզին,52000  մղոն,Ձախ,Սպիտակ,Ամենագնաց,Լավ,2.5,14800
2011,Գազ,147000  մղոն,Ձախ,Սպիտակ,Սեդան,Նորմալ,2.0,9000
2016,Բենզին,777777  մղոն,Ձախ,Այլ գույն,Սեդան,Գերազանց,2.0,13300
2001,Գազ,222000  կմ,Ձախ,Արծաթագույն,Սեդան,Գերազանց,2.0,4990
2021,Բենզին,110000  կմ,Ձախ,Սև,Սեդան,Գերազանց,2.0,15750
2022,Դիզել,50  կմ,Ձախ,Մոխրագույն,Պիկապ,Գերազանց,2.0,15750
2019,Բենզին,44000  կմ,Ձախ,Բալագույն,Սեդան,Գերազանց,1.6,16000
2006,Բենզին,160000  կմ,Ձախ,Սև,Սեդան,Գերազանց,2.0,8300
2017,Բենզին,64300  կմ,Ձախ,Սպիտակ,Սեդան,Գերազանց,2.0,15600
2021,Բենզին,19950  կմ,Ձախ,Մոխրագույն,Սեդան,Գերազանց,2.0,23000
2016,Բենզին,120000  կմ,Ձախ,Սպիտակ,Սեդան,Գերազանց,2.0,30000
2019,Բենզին,24000  մղոն,Ձախ,Կապույտ,Սեդան,Գերազանց,2.0,20000
2018,Բենզին,13600  մղոն,Ձախ,Կապույտ,Սեդան,Գերազանց,2.0,11600
2019,Բենզին,45000  մղոն,Ձախ,Մոխրագույն,Սեդան,Գերազանց,2.0,15500
2018,Բենզին,95000  կմ,Ձախ,Սև,Սեդան,Գերազանց,2.0,21300
2020,Բենզին,18000  մղոն,Ձախ,Շագանակագույն,Սեդան,Գերազանց,1.8,16950
2016,Բենզին,160000  կմ,Ձախ,Սպիտակ,Սեդան,Գերազանց,2.0,15000
2013,Բենզին,185000  կմ,Ձախ,Սև,Սեդան,Գերազանց,1.8,16000
2019,Բենզին,69100  մղոն,Ձախ,Սև,Ունիվերսալ,Գերազանց,2.5,18400
2017,Բենզին,10000  կմ,Ձախ,Սպիտակ,Սեդան,Վթարված,2.0,21000
2020,Բենզին,88000  կմ,Ձախ,Սև,Սեդան,Գերազանց,2.0,15800
2011,Գազ,175000  կմ,Ձախ,Սպիտակ,Սեդան,Գերազանց,2.0,13300
2018,Բենզին,40000  մղոն,Ձախ,Սև,Ամենագնաց,Գերազանց,2.0,17500
2009,Բենզին և գազ,198000  կմ,Ձախ,Արծաթագույն,Սեդան,Գերազանց,2.0,11300
2012,Բենզին,229000  կմ,Ձախ,Սև,Սեդան,Գերազանց,2.0,15500
2017,Բենզին,63500  մղոն,Ձախ,Արծաթագույն,Սեդան,Գերազանց,1.8,14000
2020,Բենզին,45000  մղոն,Ձախ,Սև,Սեդան,Գերազանց,1.8,20000
2017,Բենզին,65000  մղոն,Ձախ,Սև,Ամենագնաց,Գերազանց,2.0,17300
2008,Բենզին,180000  կմ,Ձախ,Սև,Սեդան,Լավ,2.0,10000
2018,Բենզին,39000  մղոն,Ձախ,Սպիտակ,Ամենագնաց,Գերազանց,2.0,19000
2005,Բենզին,250000  կմ,Ձախ,Սև,Սեդան,Լավ,2.0,7000
2018,Բենզին,65000  մղոն,Ձախ,Սև,Ամենագնաց,Գերազանց,2.0,18600
2019,Բենզին,27000  մղոն,Ձախ,Սև,Սեդան,Գերազանց,4.0,87000
2019,Բենզին,40000  մղոն,Ձախ,Արծաթագույն,Սեդան,Լավ,2.0,14300
2019,Բենզին,57000  մղոն,Ձախ,Սպիտակ,Սեդան,Գերազանց,2.0,16300
2017,Բենզին,70000  մղոն,Ձախ,Սև,Ամենագնաց,Լավ,2.0,18750
2014,Բենզին,210000  կմ,Ձախ,Սպիտակ,Սեդան,Գերազանց,2.0,14500
1999,Բենզին,300000  կմ,Ձախ,Արծաթագույն,Հետչբեք,Լավ,1.8,3800
2013,Բենզին,160000  կմ,Ձախ,Մոխրագույն,Սեդան,Լավ,2.0,15500
2007,Բենզին,219000  կմ,Ձախ,Արծաթագույն,Սեդան,Նորմալ,1.6,7000
2017,Բենզին,39500  մղոն,Ձախ,Սև,Ամենագնաց,Գերազանց,2.0,21000
2010,Գազ,245000  կմ,Ձախ,Մոխրագույն,Սեդան,Գերազանց,3.0,12000
1997,Բենզին,185000  կմ,Ձախ,Մոխրագույն,Սեդան,Գերազանց,2.0,4800
2019,Բենզին,29000  մղոն,Ձախ,Մոխրագույն,Սեդան,Գերազանց,2.0,14000
2015,Բենզին,105000  մղոն,Ձախ,Սև,Սեդան,Գերազանց,1.8,15500
2018,Բենզին,60000  մղոն,Ձախ,Սև,Սեդան,Գերազանց,2.0,17200
2016,Բենզին,70000  կմ,Ձախ,Սպիտակ,Սեդան,Գերազանց,2.0,31500
2019,Բենզին,90000  մղոն,Ձախ,Սև,Սեդան,Գերազանց,2.0,16000
2019,Բենզին,37000  կմ,Ձախ,Սև,Սեդան,Լավ,2.0,15000
2018,Բենզին,82000  կմ,Ձախ,Մոխրագույն,Ամենագնաց,Գերազանց,2.0,16000
2021,Բենզին,22000  կմ,Ձախ,Արծաթագույն,Սեդան,Գերազանց,2.0,36000
2015,Բենզին,33400  մղոն,Ձախ,Արծաթագույն,Սեդան,Գերազանց,2.0,14800
2018,Բենզին,80000  կմ,Ձախ,Սպիտակ,Ամենագնաց,Գերազանց,2.0,13700
1996,Գազ,274000  կմ,Ձախ,Սպիտակ,Սեդան,Գերազանց,2.0,5200
2017,Բենզին,79650  մղոն,Ձախ,Սպիտակ,Սեդան,Գերազանց,2.0,16300
2011,Բենզին,100  մղոն,Ձախ,Մոխրագույն,Սեդան,Գերազանց,1.8,9500
2017,Բենզին,56000  մղոն,Ձախ,Մոխրագույն,Հետչբեք,Գերազանց,1.6,14800
1993,Բենզին,350000  կմ,Ձախ,Սև,Սեդան,Նորմալ,2.0,3000
2007,Բենզին,220000  կմ,Ձախ,Սև,Սեդան,Գերազանց,3.0,12100
2018,Բենզին,130000  կմ,Ձախ,Սպիտակ,Ամենագնաց,Նոր,2.5,16300
2019,Բենզին,68300  մղոն,Ձախ,Սպիտակ,Սեդան,Գերազանց,2.0,16500
2006,Բենզին,47777  կմ,Ձախ,Սև,Սեդան,Լավ,2.8,7700
2018,Բենզին,90000  կմ,Ձախ,Սպիտակ,Սեդան,Գերազանց,2.0,14500
2017,Բենզին,110000  մղոն,Ձախ,Սպիտակ,Ամենագնաց,Գերազանց,2.5,20500
2016,Բենզին,99000  կմ,Ձախ,Մոխրագույն,Ունիվերսալ,Լավ,2.5,18900
2019,Բենզին,41300  մղոն,Ձախ,Սև,Սեդան,Գերազանց,2.0,14900
1998,Գազ,302000  կմ,Ձախ,Կանաչ,Սեդան,Նորմալ,2.0,3900
2022,Բենզին,30000  կմ,Ձախ,Սպիտակ,Սեդան,Գերազանց,1.6,28000
2016,Բենզին,70000  մղոն,Ձախ,Մոխրագույն,Ամենագնաց,Գերազանց,2.0,16500
2017,Բենզին,58  կմ,Ձախ,Սև,Սեդան,Գերազանց,1.6,17800
1999,Գազ,300  կմ,Ձախ,Կապույտ,Սեդան,Լավ,2.0,6500
2019,Բենզին,89000  կմ,Ձախ,Սև,Սեդան,Գերազանց,2.0,17500
2017,Բենզին,145000  կմ,Ձախ,Մոխրագույն,Ամենագնաց,Գերազանց,2.5,15400
2020,Բենզին,38000  մղոն,Ձախ,Սև,Սեդան,Գերազանց,2.0,16200
2017,Բենզին,81500  մղոն,Ձախ,Սև,Սեդան,Գերազանց,2.0,27500
2020,Բենզին,42000  մղոն,Ձախ,Սև,Սեդան,Գերազանց,2.0,25000
2014,Բենզին,42000  մղոն,Ձախ,Արծաթագույն,Սեդան,Գերազանց,1.8,16000
2007,Բենզին և գազ,280000  կմ,Ձախ,Սև,Սեդան,Լավ,2.0,12000
2019,Բենզին,64000  կմ,Ձախ,Կարմիր,Սեդան,Գերազանց,2.0,16500
2020,Բենզին,41000  մղոն,Ձախ,Սև,Սեդան,Գերազանց,2.0,16800
2001,Բենզին,200000  կմ,Ձախ,Կապույտ,Սեդան,Լավ,1.8,7400
2021,Բենզին,1000  կմ,Ձախ,Սև,Ամենագնաց,Գերազանց,2.0,21500
2012,Գազ,141000  մղոն,Ձախ,Սև,Սեդան,Լավ,1.8,10000
2007,Բենզին,182000  կմ,Ձախ,Սև,Սեդան,Լավ,1.6,8500
2009,Բենզին,202000  կմ,Ձախ,Մոխրագույն,Սեդան,Լավ,2.0,10200
2012,Բենզին,53000  կմ,Ձախ,Սպիտակ,Սեդան,Գերազանց,1.8,14500
2018,Բենզին,40000  կմ,Ձախ,Սև,Սեդան,Լավ,2.0,15750
1995,Գազ,370000  կմ,Ձախ,Կապույտ,Սեդան,Գերազանց,2.0,5500
2018,Բենզին,38000  կմ,Ձախ,Կարմիր,Ամենագնաց,Գերազանց,2.0,18700
2019,Բենզին,36000  կմ,Ձախ,Սև,Ամենագնաց,Գերազանց,2.0,16800
2012,Բենզին,163000  կմ,Ձախ,Սև,Սեդան,Գերազանց,2.0,12990
2017,Բենզին,67000  մղոն,Ձախ,Սպիտակ,Ամենագնաց,Գերազանց,2.0,17000
2019,Բենզին,62000  կմ,Ձախ,Սպիտակ,Սեդան,Գերազանց,2.0,16200
1998,Գազ,316000  կմ,Ձախ,Կապույտ,Սեդան,Գերազանց,2.4,7000
2018,Բենզին,50005  մղոն,Ձախ,Սպիտակ,Սեդան,Գերազանց,2.0,15125
2015,Բենզին,62000  մղոն,Ձախ,Սև,Սեդան,Գերազանց,2.0,14300
2020,Բենզին,63000  մղոն,Ձախ,Սպիտակ,Սեդան,Վթարված,2.0,12500
2018,Բենզին,57000  կմ,Ձախ,Սև,Սեդան,Գերազանց,2.0,33000
2017,Բենզին,82000  մղոն,Ձախ,Սպիտակ,Սեդան,Գերազանց,2.0,13500
2017,Բենզին,77761  կմ,Ձախ,Կարմիր,Ամենագնաց,Գերազանց,2.0,17500
2021,Բենզին,7900  մղոն,Ձախ,Կապույտ,Սեդան,Գերազանց,2.0,27000
2017,Բենզին,65000  կմ,Ձախ,Սպիտակ,Սեդան,Գերազանց,2.0,15200
2019,Բենզին,63000  մղոն,Ձախ,Մոխրագույն,Սեդան,Գերազանց,2.0,16500
2017,Բենզին,47100  մղոն,Ձախ,Այլ գույն,Ամենագնաց,Գերազանց,2.5,19500
2020,Բենզին,8700  կմ,Ձախ,Կապույտ,Սեդան,Գերազանց,2.0,27500
2014,Բենզին,150000  կմ,Ձախ,Սպիտակ,Սեդան,Լավ,2.0,15800
2019,Բենզին,70000  մղոն,Ձախ,Սպիտակ,Սեդան,Գերազանց,2.0,18700
2003,Գազ,250000  կմ,Ձախ,Արծաթագույն,Սեդան,Լավ,2.0,6300
2016,Բենզին,110000  կմ,Ձախ,Սև,Սեդան,Գերազանց,2.0,16000
2018,Բենզին,65000  կմ,Ձախ,Սպիտակ,Ամենագնաց,Գերազանց,2.0,19500
2018,Բենզին,100000  մղոն,Ձախ,Մոխրագույն,Ամենագնաց,Լավ,2.5,18000
2017,Բենզին,75000  մղոն,Ձախ,Կարմիր,Սեդան,Լավ,2.0,14000
2018,Բենզին,39000  մղոն,Ձախ,Արծաթագույն,Ամենագնաց,Նորմալ,2.0,17000
2018,Բենզին,37000  մղոն,Ձախ,Արծաթագույն,Սեդան,Գերազանց,2.0,17300
2020,Բենզին,68000  կմ,Ձախ,Արծաթագույն,Սեդան,Գերազանց,2.0,22900
2021,Բենզին,88616  կմ,Ձախ,Սպիտակ,Սեդան,Նորմալ,2.0,15800
2022,Բենզին,8700  կմ,Ձախ,Սև,Սեդան,Գերազանց,2.0,25300
2019,Բենզին,77000  կմ,Ձախ,Արծաթագույն,Ամենագնաց,Գերազանց,2.0,17900
2023,Բենզին,20  կմ,Ձախ,Սպիտակ,Սեդան,Գերազանց,2.0,28900
2010,Բենզին,160000  կմ,Ձախ,Սև,Հետչբեք,Գերազանց,2.0,12000
2019,Բենզին,65000  մղոն,Ձախ,Մոխրագույն,Սեդան,Գերազանց,2.0,16500
1995,Գազ,35000  կմ,Ձախ,Սպիտակ,Սեդան,Նորմալ,2.0,4600
2016,Բենզին,35000  մղոն,Ձախ,Կարմիր,Ամենագնաց,Գերազանց,2.5,14900
2018,Բենզին,96122  կմ,Ձախ,Արծաթագույն,Ամենագնաց,Գերազանց,2.0,21000
2018,Բենզին,70000  կմ,Ձախ,Սև,Ամենագնաց,Գերազանց,2.0,20000
2018,Բենզին,101  մղոն,Ձախ,Մոխրագույն,Սեդան,Գերազանց,2.0,17300
2018,Բենզին,77000  կմ,Ձախ,Սպիտակ,Սեդան,Գերազանց,2.0,33700
2019,Բենզին,100000  կմ,Ձախ,Սև,Սեդան,Գերազանց,2.0,18000
2014,Բենզին,174000  կմ,Ձախ,Սև,Սեդան,Գերազանց,2.0,18300
1998,Բենզին,400000  կմ,Ձախ,Բալագույն,Սեդան,Գերազանց,2.0,6000
2017,Բենզին,72000  կմ,Ձախ,Մոխրագույն,Ամենագնաց,Գերազանց,2.0,18300
1996,Գազ,180000  կմ,Ձախ,Սև,Սեդան,Նորմալ,2.0,15750
2017,Բենզին,105000  կմ,Ձախ,Սպիտակ,Ամենագնաց,Գերազանց,2.0,15500
2018,Բենզին,75000  մղոն,Ձախ,Սև,Ամենագնաց,Գերազանց,2.0,18000
2021,Բենզին,8800  կմ,Ձախ,Սև,Սեդան,Նոր,2.0,78000
2018,Բենզին,55000  մղոն,Ձախ,Արծաթագույն,Սեդան,Գերազանց,2.0,15350
2017,Բենզին,120000  մղոն,Ձախ,Սև,Սեդան,Լավ,2.0,11000
2017,Բենզին,72000  կմ,Ձախ,Սպիտակ,Սեդան,Գերազանց,2.0,15750
2001,Բենզին,201000  կմ,Ձախ,Կապույտ,Սեդան,Գերազանց,2.6,6400
2014,Բենզին,163000  կմ,Ձախ,Մոխրագույն,Սեդան,Լավ,2.0,13900
2010,Բենզին,164000  կմ,Ձախ,Սպիտակ,Սեդան,Լավ,0.3,12800
2019,Բենզին,26000  մղոն,Ձախ,Մոխրագույն,Ունիվերսալ,Գերազանց,2.0,23400
2018,Բենզին,65000  մղոն,Ձախ,Սև,Սեդան,Գերազանց,2.0,14200
2021,Բենզին,10600  մղոն,Ձախ,Կապույտ,Սեդան,Գերազանց,2.0,20500
2018,Բենզին,112000  մղոն,Ձախ,Կապույտ,Սեդան,Գերազանց,2.0,12200
1997,Բենզին և գազ,318481  կմ,Ձախ,Կանաչ,Սեդան,Նորմալ,1.8,15750
2016,Բենզին,66000  մղոն,Ձախ,Սպիտակ,Սեդան,Գերազանց,1.8,18600
2017,Բենզին,103000  մղոն,Ձախ,Կարմիր,Սեդան,Գերազանց,2.0,13800
2019,Բենզին,10000  կմ,Ձախ,Մոխրագույն,Ամենագնաց,Գերազանց,2.0,21000
2020,Բենզին,1400  մղոն,Ձախ,Սև,Սեդան,Գերազանց,2.0,23000
2016,Բենզին,60000  կմ,Ձախ,Սպիտակ,Սեդան,Գերազանց,2.0,26000
2017,Բենզին,35000  մղոն,Ձախ,Մոխրագույն,Սեդան,Գերազանց,2.0,15700
2018,Բենզին,66000  մղոն,Ձախ,Սև,Սեդան,Գերազանց,2.0,12900
2012,Գազ,190000  կմ,Ձախ,Սև,Սեդան,Լավ,2.0,6200
2019,Բենզին,56000  մղոն,Ձախ,Սպիտակ,Ամենագնաց,Գերազանց,2.5,20500
2010,Բենզին,126000  մղոն,Ձախ,Սև,Սեդան,Լավ,3.0,12700
2014,Բենզին,115000  կմ,Ձախ,Սպիտակ,Սեդան,Գերազանց,2.0,14400
2017,Բենզին,81200  մղոն,Ձախ,Կապույտ,Սեդան,Գերազանց,2.0,11000
2018,Բենզին,78000  մղոն,Ձախ,Արծաթագույն,Սեդան,Գերազանց,2.0,15750
2014,Գազ,55000  մղոն,Ձախ,Բեժ,Սեդան,Լավ,2.0,14400
2007,Բենզին,190000  կմ,Ձախ,Կարմիր,Սեդան,Գերազանց,2.0,8500
2014,Գազ,163000  կմ,Ձախ,Սպիտակ,Սեդան,Լավ,1.6,16300
2018,Բենզին,78400  կմ,Ձախ,Սպիտակ,Սեդան,Գերազանց,2.0,33500
1994,Գազ,420000  կմ,Ձախ,Արծաթագույն,Սեդան,Նորմալ,2.0,3300
2018,Բենզին,83000  կմ,Ձախ,Մոխրագույն,Սեդան,Գերազանց,2.0,14600
2016,Բենզին,160000  կմ,Ձախ,Սև,Սեդան,Գերազանց,2.0,20000
2011,Բենզին,73000  մղոն,Ձախ,Սև,Սեդան,Լավ,2.0,9800
2002,Բենզին և գազ,300000  կմ,Ձախ,Կապույտ,Սեդան,Լավ,2.0,6500
2020,Բենզին,38000  մղոն,Ձախ,Սև,Ունիվերսալ,Վթարված,2.0,17200
2019,Բենզին,76000  մղոն,Ձախ,Սպիտակ,Սեդան,Գերազանց,2.0,15750
2020,Բենզին,60000  մղոն,Ձախ,Արծաթագույն,Սեդան,Գերազանց,2.0,19000
1995,Բենզին,390000  կմ,Ձախ,Արծաթագույն,Սեդան,Լավ,2.2,4400
2014,Բենզին,45000  մղոն,Ձախ,Սպիտակ,Կուպե,Գերազանց,2.0,11000
2019,Բենզին,24200  մղոն,Ձախ,Սպիտակ,Ամենագնաց,Գերազանց,2.0,22000
2002,Բենզին և գազ,250000  կմ,Ձախ,Արծաթագույն,Սեդան,Նորմալ,2.6,5800
2021,Բենզին,84020  կմ,Ձախ,Սպիտակ,Սեդան,Վթարված,2.0,17300
2012,Գազ,123000  մղոն,Ձախ,Սև,Սեդան,Լավ,2.0,10500
2019,Բենզին,17000  կմ,Ձախ,Սև,Ամենագնաց,Գերազանց,2.0,21500
2021,Բենզին,40000  կմ,Ձախ,Սպիտակ,Սեդան,Գերազանց,2.0,28500
2020,Բենզին,42000  կմ,Ձախ,Սպիտակ,Սեդան,Գերազանց,2.0,21000
2018,Բենզին,90000  մղոն,Ձախ,Սև,Սեդան,Գերազանց,2.0,12500
2011,Գազ,150000  մղոն,Ձախ,Սև,Սեդան,Գերազանց,1.8,9000
2017,Գազ,40000  մղոն,Ձախ,Սև,Սեդան,Գերազանց,2.0,13900
2017,Բենզին,78000  կմ,Ձախ,Սև,Սեդան,Գերազանց,2.0,27000
2012,Բենզին,129000  մղոն,Ձախ,Սև,Սեդան,Լավ,3.0,13900
2017,Բենզին,32000  կմ,Ձախ,Սև,Սեդան,Գերազանց,2.0,19900
2013,Բենզին և գազ,138000  մղոն,Ձախ,Սպիտակ,Սեդան,Գերազանց,2.0,9500
2018,Բենզին,70000  մղոն,Ձախ,Այլ գույն,Սեդան,Լավ,2.0,15500
2017,Բենզին,66000  մղոն,Ձախ,Սպիտակ,Ամենագնաց,Լավ,2.0,18000
2004,Գազ,235000  կմ,Ձախ,Սև,Սեդան,Գերազանց,2.4,6500
1997,Գազ,160000  կմ,Ձախ,Կապույտ,Սեդան,Գերազանց,1.8,4800
2018,Բենզին,117000  մղոն,Ձախ,Արծաթագույն,Ամենագնաց,Գերազանց,2.0,15500
2019,Բենզին,66500  կմ,Ձախ,Սպիտակ,Սեդան,Գերազանց,2.0,20300
2020,Բենզին,15600  մղոն,Ձախ,Սև,Սեդան,Գերազանց,2.0,26000
2017,Բենզին,27200  կմ,Ձախ,Սպիտակ,Ամենագնաց,Լավ,2.0,16000
2019,Բենզին,58000  մղոն,Ձախ,Սպիտակ,Սեդան,Լավ,2.0,16600
2018,Բենզին,85000  մղոն,Ձախ,Սպիտակ,Սեդան,Գերազանց,2.0,13900
1998,Բենզին,293000  կմ,Ձախ,Բալագույն,Սեդան,Նորմալ,1.8,4600
2013,Գազ,160000  կմ,Ձախ,Սև,Սեդան,Գերազանց,1.6,14800
2016,Բենզին,69000  մղոն,Ձախ,Սպիտակ,Սեդան,Գերազանց,2.0,11300
2020,Բենզին,104000  մղոն,Ձախ,Սպիտակ,Սեդան,Գերազանց,1.8,17500
2018,Բենզին,42000  մղոն,Ձախ,Արծաթագույն,Ամենագնաց,Գերազանց,2.0,18500
2018,Բենզին,129000  մղոն,Ձախ,Սև,Սեդան,Գերազանց,2.0,11800
2018,Բենզին,65000  մղոն,Ձախ,Մոխրագույն,Ամենագնաց,Գերազանց,2.0,18000
2019,Բենզին,77000  կմ,Ձախ,Սպիտակ,Ամենագնաց,Գերազանց,2.0,16200
2014,Գազ,65000  մղոն,Ձախ,Սպիտակ,Սեդան,Գերազանց,2.0,11700
2018,Բենզին,20000  մղոն,Ձախ,Սև,Սեդան,Գերազանց,2.0,13800
2018,Բենզին,71000  մղոն,Ձախ,Սպիտակ,Ամենագնաց,Գերազանց,2.5,20000
2014,Բենզին,133000  մղոն,Ձախ,Սև,Սեդան,Լավ,2.0,10500
2019,Բենզին,135000  կմ,Ձախ,Սպիտակ,Սեդան,Վթարված,2.0,13000
2016,Բենզին,140000  կմ,Ձախ,Սպիտակ,Սեդան,Լավ,2.0,27000
1995,Գազ,380000  կմ,Ձախ,Կանաչ,Սեդան,Լավ,2.0,4000
2006,Բենզին և գազ,181000  կմ,Ձախ,Սև,Սեդան,Գերազանց,2.5,7800
1997,Բենզին,450000  կմ,Ձախ,Կապույտ,Սեդան,Լավ,2.0,4300
2019,Բենզին,66000  մղոն,Ձախ,Մոխրագույն,Սեդան,Գերազանց,2.0,16500
2007,Գազ,291000  կմ,Ձախ,Մոխրագույն,Սեդան,Նորմալ,2.0,10000
2019,Բենզին,42000  մղոն,Ձախ,Մոխրագույն,Սեդան,Գերազանց,2.0,18000
2019,Բենզին,42000  մղոն,Ձախ,Սև,Սեդան,Գերազանց,2.0,13600
2018,Բենզին,80000  կմ,Ձախ,Սև,Սեդան,Գերազանց,2.0,32000
2019,Բենզին,77000  մղոն,Ձախ,Սև,Ամենագնաց,Գերազանց,2.0,21700
2017,Բենզին,70000  մղոն,Ձախ,Սպիտակ,Սեդան,Գերազանց,2.0,27000
2018,Բենզին,75000  կմ,Ձախ,Արծաթագույն,Ամենագնաց,Գերազանց,2.0,17500
2018,Բենզին,25000  մղոն,Ձախ,Սպիտակ,Ամենագնաց,Գերազանց,2.0,15000
2017,Բենզին,130000  մղոն,Ձախ,Կապույտ,Սեդան,Գերազանց,2.0,14800
2018,Բենզին,53000  մղոն,Ձախ,Սև,Սեդան,Գերազանց,2.0,15200
2019,Բենզին,58000  կմ,Ձախ,Մոխրագույն,Սեդան,Գերազանց,2.0,16200
2015,Բենզին,103000  կմ,Ձախ,Մոխրագույն,Սեդան,Գերազանց,2.0,27500
2012,Բենզին,180000  կմ,Ձախ,Սև,Սեդան,Գերազանց,3.0,17500
2020,Բենզին,33000  մղոն,Ձախ,Մոխրագույն,Ամենագնաց,Գերազանց,2.0,20000
2016,Բենզին,110000  մղոն,Ձախ,Սպիտակ,Սեդան,Լավ,2.0,12700
2000,Բենզին,200000  կմ,Ձախ,Կապույտ,Սեդան,Նորմալ,2.0,6000
2018,Բենզին,99000  մղոն,Ձախ,Կապույտ,Սեդան,Գերազանց,2.0,16200
1995,Գազ,200000  կմ,Ձախ,Մոխրագույն,Սեդան,Գերազանց,2.8,5200
2016,Բենզին,63000  կմ,Ձախ,Սև,Հետչբեք,Գերազանց,2.0,14900
2003,Բենզին,312000  կմ,Ձախ,Սպիտակ,Սեդան,Լավ,2.0,6300
2019,Բենզին,37000  կմ,Ձախ,Սպիտակ,Սեդան,Գերազանց,2.0,15900
2018,Բենզին,80000  կմ,Ձախ,Մոխրագույն,Ամենագնաց,Լավ,2.5,21700
2017,Բենզին,80000  մղոն,Ձախ,Սև,Սեդան,Գերազանց,2.0,15400
2005,Գազ,161  կմ,Ձախ,Կապույտ,Սեդան,Գերազանց,2.0,8000
2020,Բենզին,53000  մղոն,Ձախ,Սև,Ամենագնաց,Լավ,2.0,17500
2017,Գազ,65000  մղոն,Ձախ,Արծաթագույն,Ամենագնաց,Գերազանց,2.5,18000
2012,Բենզին,97000  մղոն,Ձախ,Սև,Սեդան,Գերազանց,2.0,9100
2019,Բենզին,60000  մղոն,Ձախ,Կապույտ,Սեդան,Լավ,2.0,16300
2015,Բենզին և գազ,58000  մղոն,Ձախ,Արծաթագույն,Սեդան,Լավ,2.0,11200
2018,Բենզին,75000  կմ,Ձախ,Սև,Սեդան,Լավ,2.0,13400
2013,Բենզին,115000  մղոն,Ձախ,Սև,Սեդան,Գերազանց,2.0,16700
2020,Բենզին,59000  կմ,Ձախ,Սև,Սեդան,Գերազանց,2.0,19700
1996,Բենզին և գազ,215000  կմ,Ձախ,Կապույտ,Սեդան,Նորմալ,1.8,3800
1998,Բենզին,285000  կմ,Ձախ,Կապույտ,Սեդան,Գերազանց,2.0,5500
2016,Բենզին,160000  կմ,Ձախ,Սև,Սեդան,Լավ,2.0,26500
2017,Բենզին,98000  կմ,Ձախ,Սպիտակ,Սեդան,Գերազանց,2.0,18500
2020,Բենզին,39000  մղոն,Ձախ,Արծաթագույն,Սեդան,Գերազանց,2.0,19799
2019,Բենզին,113000  մղոն,Ձախ,Սև,Սեդան,Գերազանց,2.0,20500
1995,Բենզին,384834  կմ,Ձախ,Բալագույն,Սեդան,Լավ,2.0,3200
2018,Բենզին,52  կմ,Ձախ,Արծաթագույն,Սեդան,Գերազանց,1.8,17500
2016,Բենզին,75000  մղոն,Ձախ,Արծաթագույն,Սեդան,Գերազանց,2.0,15750
2011,Բենզին,245000  կմ,Ձախ,Սև,Սեդան,Գերազանց,2.0,12500
2018,Բենզին,125000  կմ,Ձախ,Արծաթագույն,Ամենագնաց,Լավ,2.0,18000
2012,Բենզին,80  կմ,Ձախ,Սև,Սեդան,Գերազանց,2.0,9700
1995,Բենզին,360000  կմ,Ձախ,Կարմիր,Սեդան,Լավ,1.8,4700
2018,Բենզին,125000  կմ,Ձախ,Սև,Սեդան,Գերազանց,2.0,30000
2017,Բենզին,144000  կմ,Ձախ,Սև,Սեդան,Գերազանց,2.0,17500
2017,Բենզին,64000  կմ,Ձախ,Մոխրագույն,Ամենագնաց,Գերազանց,2.0,15500
2021,Բենզին,21000  կմ,Ձախ,Սև,Ամենագնաց,Գերազանց,2.5,37262
2016,Բենզին,57000  մղոն,Ձախ,Բալագույն,Ամենագնաց,Գերազանց,2.5,4375
2020,Բենզին,11800  մղոն,Ձախ,Մոխրագույն,Սեդան,Գերազանց,2.0,18500
2018,Բենզին,76000  մղոն,Ձախ,Սպիտակ,Սեդան,Գերազանց,2.0,16700
2016,Բենզին,19000  մղոն,Ձախ,Սպիտակ,Սեդան,Գերազանց,2.0,13500
2018,Բենզին,96000  մղոն,Ձախ,Սև,Ամենագնաց,Գերազանց,2.0,17500
2017,Բենզին,91000  մղոն,Ձախ,Սև,Սեդան,Գերազանց,2.0,12900
2019,Բենզին,5555  մղոն,Ձախ,Սև,Սեդան,Գերազանց,2.0,18000
2019,Բենզին,30000  մղոն,Ձախ,Սպիտակ,Սեդան,Գերազանց,2.0,20000
2014,Գազ,140000  կմ,Ձախ,Սպիտակ,Սեդան,Նորմալ,1.8,11500
2016,Բենզին,51000  մղոն,Ձախ,Կարմիր,Սեդան,Գերազանց,2.0,12650
2019,Բենզին,20350  կմ,Ձախ,Սև,Սեդան,Գերազանց,2.0,15300
2017,Բենզին,27144  մղոն,Ձախ,Կարմիր,Սեդան,Գերազանց,2.0,12450
2002,Բենզին,162000  կմ,Ձախ,Սև,Սեդան,Լավ,1.8,7300
2014,Գազ,153000  կմ,Ձախ,Սպիտակ,Սեդան,Լավ,2.0,14500
2019,Բենզին,73  մղոն,Ձախ,Սև,Սեդան,Գերազանց,2.0,15300
2018,Բենզին,80000  կմ,Ձախ,Սև,Ամենագնաց,Գերազանց,2.0,15750
2019,Բենզին,28501  մղոն,Ձախ,Սև,Սեդան,Գերազանց,2.0,16300
2012,Բենզին,100000  կմ,Ձախ,Սև,Սեդան,Գերազանց,1.8,14500
2017,Բենզին,120000  մղոն,Ձախ,Սև,Ամենագնաց,Գերազանց,2.0,18500
2022,Բենզին,7000  կմ,Ձախ,Սև,Սեդան,Գերազանց,2.0,15750
2014,Գազ,133000  մղոն,Ձախ,Մոխրագույն,Սեդան,Գերազանց,1.8,15750
2021,Բենզին,47000  կմ,Ձախ,Սպիտակ,Սեդան,Գերազանց,2.0,25000
2022,Բենզին,518  մղոն,Ձախ,Արծաթագույն,Սեդան,Գերազանց,1.8,26000
2017,Բենզին,74000  կմ,Ձախ,Սև,Սեդան,Գերազանց,2.0,17500
2017,Բենզին,80000  մղոն,Ձախ,Սպիտակ,Սեդան,Գերազանց,2.0,13450
1997,Գազ,1111  կմ,Ձախ,Այլ գույն,Սեդան,Լավ,2.0,4300
2018,Բենզին,100000  կմ,Ձախ,Սպիտակ,Ունիվերսալ,Գերազանց,2.0,16300
2019,Բենզին,78000  մղոն,Ձախ,Բալագույն,Սեդան,Գերազանց,2.0,14200
2018,Բենզին,41000  կմ,Ձախ,Սև,Սեդան,Գերազանց,2.0,40000
2019,Բենզին,47000  մղոն,Ձախ,Սպիտակ,Ամենագնաց,Գերազանց,2.0,15750
2020,Բենզին,62000  մղոն,Ձախ,Սև,Սեդան,Գերազանց,2.0,18000
2001,Բենզին և գազ,300000  կմ,Ձախ,Ոսկեգույն,Սեդան,Լավ,3.2,5500
2017,Բենզին,99000  կմ,Ձախ,Արծաթագույն,Ամենագնաց,Գերազանց,2.0,16800
2020,Գազ,15000  կմ,Ձախ,Մոխրագույն,Սեդան,Գերազանց,2.0,16500
2019,Բենզին,37000  մղոն,Ձախ,Արծաթագույն,Սեդան,Գերազանց,2.0,17500
2022,Բենզին,12000  կմ,Ձախ,Սև,Սեդան,Գերազանց,2.0,27900
2022,Բենզին,5000  կմ,Ձախ,Սև,Սեդան,Գերազանց,2.0,15750
1996,Գազ,250000  կմ,Ձախ,Արծաթագույն,Սեդան,Գերազանց,2.2,5600
2016,Բենզին,300000  կմ,Ձախ,Արծաթագույն,Ամենագնաց,Գերազանց,2.5,13000
2012,Բենզին,136000  մղոն,Ձախ,Արծաթագույն,Սեդան,Գերազանց,1.8,13700
2019,Բենզին,50000  կմ,Ձախ,Մոխրագույն,Սեդան,Վթարված,2.0,10600
2020,Բենզին,34000  մղոն,Ձախ,Մոխրագույն,Ամենագնաց,Գերազանց,2.0,19000
2016,Բենզին,118000  կմ,Ձախ,Սպիտակ,Սեդան,Գերազանց,2.0,15750
2018,Գազ,27000  մղոն,Ձախ,Սպիտակ,Սեդան,Գերազանց,2.0,15900
2017,Բենզին,90000  մղոն,Ձախ,Կանաչ,Ունիվերսալ,Գերազանց,2.0,15991
2017,Բենզին,82000  մղոն,Ձախ,Սև,Սեդան,Գերազանց,2.0,29500
2017,Բենզին,66000  կմ,Ձախ,Սև,Սեդան,Գերազանց,2.0,13900
2018,Գազ,55000  կմ,Ձախ,Սև,Ամենագնաց,Գերազանց,2.0,21000
2020,Բենզին,47000  մղոն,Ձախ,Սպիտակ,Սեդան,Գերազանց,2.0,17000
2019,Բենզին,45000  մղոն,Ձախ,Արծաթագույն,Սեդան,Գերազանց,2.0,19800
2008,Գազ,230000  կմ,Ձախ,Մոխրագույն,Սեդան,Գերազանց,2.0,12000
2001,Բենզին,269000  կմ,Ձախ,Արծաթագույն,Սեդան,Լավ,2.0,6500
2017,Բենզին,82000  կմ,Ձախ,Սպիտակ,Սեդան,Գերազանց,2.0,14500
2017,Բենզին,117000  կմ,Ձախ,Մոխրագույն,Ամենագնաց,Գերազանց,2.0,19400
1998,Գազ,279000  կմ,Ձախ,Կապույտ,Սեդան,Գերազանց,1.8,5500
2018,Բենզին,79000  մղոն,Ձախ,Սպիտակ,Սեդան,Գերազանց,2.0,13000
2020,Բենզին,56000  կմ,Ձախ,Սև,Սեդան,Նոր,2.0,23000
2015,Բենզին,56000  կմ,Ձախ,Սպիտակ,Սեդան,Գերազանց,2.0,27000
2022,Բենզին,8000  մղոն,Ձախ,Սև,Սեդան,Լավ,2.0,24500
2009,Բենզին,325000  կմ,Ձախ,Սև,Սեդան,Լավ,3.0,13000
2013,Բենզին,125000  մղոն,Ձախ,Սպիտակ,Սեդան,Գերազանց,3.5,15750
2010,Բենզին,136  մղոն,Ձախ,Սպիտակ,Սեդան,Լավ,1.8,9000
2007,Գազ,135  մղոն,Ձախ,Սև,Սեդան,Նորմալ,2.0,6800
2019,Բենզին,56000  մղոն,Ձախ,Արծաթագույն,Ամենագնաց,Գերազանց,2.0,18000
2019,Բենզին,20000  կմ,Ձախ,Արծաթագույն,Սեդան,Գերազանց,2.0,16500
2012,Բենզին,10  մղոն,Ձախ,Սև,Սեդան,Գերազանց,1.8,10400
1994,Բենզին և գազ,311000  կմ,Ձախ,Սպիտակ,Սեդան,Լավ,1.8,5000
2017,Բենզին,40000  մղոն,Ձախ,Սպիտակ,Սեդան,Գերազանց,2.0,13800
2017,Բենզին,82000  մղոն,Ձախ,Արծաթագույն,Սեդան,Լավ,2.0,10300
2020,Բենզին,60000  կմ,Ձախ,Սև,Սեդան,Նորմալ,2.0,17000
1998,Բենզին,932000  կմ,Ձախ,Արծաթագույն,Սեդան,Նորմալ,2.0,4800
2018,Բենզին,50000  կմ,Ձախ,Սև,Սեդան,Գերազանց,2.0,31000
2020,Բենզին,71000  կմ,Ձախ,Սպիտակ,Սեդան,Գերազանց,2.0,13650
2010,Գազ,155000  կմ,Ձախ,Սպիտակ,Սեդան,Գերազանց,2.0,8499
2008,Գազ,350000  կմ,Ձախ,Սև,Սեդան,Գերազանց,3.0,11000
2012,Բենզին,140000  կմ,Ձախ,Սպիտակ,Սեդան,Նորմալ,1.8,10000
2017,Բենզին,50000  մղոն,Ձախ,Սպիտակ,Սեդան,Գերազանց,2.0,11300
2016,Բենզին,140000  կմ,Ձախ,Սպիտակ,Սեդան,Լավ,2.0,12100
2007,Բենզին,150000  կմ,Ձախ,Կապույտ,Սեդան,Նորմալ,1.6,15750
2016,Բենզին,120000  կմ,Ձախ,Սև,Սեդան,Գերազանց,2.0,27900
2018,Բենզին,80000  մղոն,Ձախ,Արծաթագույն,Ամենագնաց,Գերազանց,2.0,16500
2009,Բենզին,148000  մղոն,Ձախ,Սպիտակ,Ամենագնաց,Գերազանց,2.5,11000
2019,Բենզին,75000  կմ,Ձախ,Սև,Սեդան,Գերազանց,2.0,13500
2019,Բենզին,53000  մղոն,Ձախ,Մոխրագույն,Ամենագնաց,Գերազանց,2.0,17200
2019,Բենզին,43000  մղոն,Ձախ,Սպիտակ,Սեդան,Գերազանց,2.0,15500
2017,Բենզին,40000  կմ,Ձախ,Սև,Սեդան,Գերազանց,2.0,19500
2020,Բենզին,32000  կմ,Ձախ,Մոխրագույն,Սեդան,Գերազանց,2.0,19000
1995,Բենզին,600000  կմ,Ձախ,Կապույտ,Սեդան,Վթարված,2.0,3100
2008,Բենզին,300000  կմ,Ձախ,Սև,Սեդան,Լավ,2.0,10000
2004,Բենզին և գազ,239000  կմ,Ձախ,Սպիտակ,Սեդան,Լավ,2.0,15750
2018,Բենզին,47000  կմ,Ձախ,Սև,Սեդան,Գերազանց,2.0,15750
2017,Բենզին,143000  կմ,Ձախ,Սև,Ամենագնաց,Գերազանց,2.0,15500
2020,Բենզին,67  մղոն,Ձախ,Սպիտակ,Սեդան,Գերազանց,2.0,23000
2000,Բենզին,293000  կմ,Ձախ,Արծաթագույն,Սեդան,Նորմալ,2.0,5700
2023,Բենզին,22000  կմ,Ձախ,Սև,Սեդան,Գերազանց,2.0,34000
2017,Բենզին,65000  մղոն,Ձախ,Արծաթագույն,Ամենագնաց,Գերազանց,2.0,15500
2017,Բենզին,109000  կմ,Ձախ,Սպիտակ,Ամենագնաց,Գերազանց,2.5,17500
2017,Բենզին,60000  կմ,Ձախ,Արծաթագույն,Ամենագնաց,Գերազանց,2.0,15000
2014,Բենզին,87980  մղոն,Ձախ,Սպիտակ,Սեդան,Լավ,2.0,10500
2018,Բենզին,85000  մղոն,Ձախ,Սև,Ամենագնաց,Լավ,2.0,16500
2017,Բենզին,60000  մղոն,Ձախ,Սև,Ամենագնաց,Գերազանց,2.5,18500
2019,Բենզին,73000  մղոն,Ձախ,Սև,Սեդան,Գերազանց,1.8,21000
2017,Բենզին և գազ,72000  մղոն,Ձախ,Սև,Ամենագնաց,Գերազանց,2.5,18200
2017,Բենզին,38000  կմ,Ձախ,Արծաթագույն,Ունիվերսալ,Գերազանց,2.0,17000
2018,Բենզին,136000  մղոն,Ձախ,Սպիտակ,Սեդան,Գերազանց,2.0,12700
2015,Բենզին,118000  մղոն,Ձախ,Սպիտակ,Սեդան,Գերազանց,1.8,15750
2008,Բենզին,207000  կմ,Ձախ,Կարմիր,Սեդան,Գերազանց,2.0,9200
1996,Բենզին,344000  կմ,Ձախ,Կապույտ,Սեդան,Գերազանց,2.0,4500
2010,Բենզին,229000  կմ,Ձախ,Սև,Սեդան,Գերազանց,2.0,11400
2012,Բենզին,85000  մղոն,Ձախ,Արծաթագույն,Սեդան,Լավ,2.0,9500
2017,Բենզին,100000  կմ,Ձախ,Արծաթագույն,Սեդան,Գերազանց,2.0,14500
2020,Բենզին,29000  մղոն,Ձախ,Սև,Սեդան,Գերազանց,2.0,21000
2016,Բենզին,81000  կմ,Ձախ,Արծաթագույն,Սեդան,Գերազանց,2.0,11300
2012,Գազ,131000  մղոն,Ձախ,Մոխրագույն,Սեդան,Գերազանց,2.0,9300
2018,Բենզին,29000  մղոն,Ձախ,Կարմիր,Սեդան,Գերազանց,2.0,18700
1999,Բենզին,249000  կմ,Ձախ,Մոխրագույն,Սեդան,Գերազանց,1.8,8250
2020,Բենզին,45000  մղոն,Ձախ,Սպիտակ,Սեդան,Գերազանց,2.0,16500
2020,Բենզին,56000  մղոն,Ձախ,Մոխրագույն,Սեդան,Գերազանց,2.0,14500
2020,Բենզին,10000  մղոն,Ձախ,Սև,Սեդան,Գերազանց,2.0,19200
2016,Գազ,99755  մղոն,Ձախ,Արծաթագույն,Սեդան,Գերազանց,2.0,13875
2007,Բենզին,200000  կմ,Ձախ,Արծաթագույն,Սեդան,Գերազանց,2.0,9000
2018,Բենզին,50000  մղոն,Ձախ,Սպիտակ,Սեդան,Լավ,2.0,13000
2018,Բենզին,107000  մղոն,Ձախ,Սպիտակ,Սեդան,Գերազանց,2.0,13900
2004,Գազ,320000  կմ,Ձախ,Բալագույն,Սեդան,Լավ,2.4,6500
2012,Բենզին,220000  կմ,Ձախ,Սև,Սեդան,Գերազանց,1.8,14900
2022,Բենզին,2900  մղոն,Ձախ,Արծաթագույն,Ամենագնաց,Գերազանց,2.0,33000
2015,Բենզին,36000  մղոն,Ձախ,Բալագույն,Սեդան,Գերազանց,2.0,10500
2006,Բենզին,250000  կմ,Ձախ,Արծաթագույն,Սեդան,Լավ,2.5,8350
2010,Բենզին,137900  մղոն,Ձախ,Սև,Սեդան,Վթարված,2.0,5500
2011,Բենզին,125000  կմ,Ձախ,Սև,Սեդան,Լավ,2.0,8900
2013,Բենզին,124000  մղոն,Ձախ,Սպիտակ,Սեդան,Լավ,2.0,10000
2020,Բենզին,74000  մղոն,Ձախ,Կապույտ,Սեդան,Գերազանց,2.0,16900
1997,Գազ,228000  կմ,Ձախ,Սև,Սեդան,Լավ,2.0,5000
2013,Գազ,114000  կմ,Ձախ,Այլ գույն,Սեդան,Լավ,2.0,10500
2015,Բենզին,103  կմ,Ձախ,Սև,Սեդան,Գերազանց,2.0,25000
2017,Բենզին,59000  կմ,Ձախ,Մոխրագույն,Սեդան,Գերազանց,2.0,14500
2018,Բենզին,77000  կմ,Ձախ,Կապույտ,Ամենագնաց,Լավ,2.0,15200
2019,Գազ,40000  կմ,Ձախ,Մոխրագույն,Սեդան,Գերազանց,2.0,16000
2017,Բենզին,79000  կմ,Ձախ,Սև,Սեդան,Գերազանց,2.0,26000
2016,Բենզին,100000  կմ,Ձախ,Բալագույն,Սեդան,Գերազանց,2.0,14200
2012,Բենզին,200000  կմ,Ձախ,Մոխրագույն,Սեդան,Գերազանց,2.0,14400
2005,Բենզին,190000  կմ,Ձախ,Կապույտ,Սեդան,Գերազանց,2.0,9800
2021,Բենզին,8000  մղոն,Ձախ,Մոխրագույն,Սեդան,Գերազանց,2.0,28700
2016,Բենզին,61000  մղոն,Ձախ,Սպիտակ,Սեդան,Գերազանց,2.0,14500
2019,Բենզին,62  մղոն,Ձախ,Արծաթագույն,Սեդան,Լավ,2.0,16400
2019,Բենզին,40000  մղոն,Ձախ,Մոխրագույն,Սեդան,Գերազանց,2.0,17200
2001,Գազ,246000  կմ,Ձախ,Արծաթագույն,Սեդան,Լավ,2.0,5500
2018,Բենզին,70000  կմ,Ձախ,Սև,Սեդան,Գերազանց,2.0,33000
2019,Բենզին,27000  մղոն,Ձախ,Սպիտակ,Սեդան,Գերազանց,2.0,16800
2016,Բենզին,52000  մղոն,Ձախ,Սպիտակ,Սեդան,Գերազանց,2.0,15500
2019,Բենզին,103000  կմ,Ձախ,Մոխրագույն,Սեդան,Գերազանց,2.0,35000
2018,Բենզին,52000  կմ,Ձախ,Արծաթագույն,Սեդան,Գերազանց,2.0,13800
1998,Բենզին,347000  կմ,Ձախ,Կապույտ,Սեդան,Լավ,2.0,5800
2019,Բենզին,56300  մղոն,Ձախ,Արծաթագույն,Սեդան,Գերազանց,2.0,16700
2019,Բենզին,35348  մղոն,Ձախ,Սպիտակ,Սեդան,Գերազանց,2.0,14000
2019,Բենզին,48000  մղոն,Ձախ,Սև,Սեդան,Գերազանց,2.0,18500
2019,Բենզին,51000  մղոն,Ձախ,Սպիտակ,Սեդան,Գերազանց,2.0,35000
2019,Բենզին,20000  կմ,Ձախ,Կարմիր,Սեդան,Գերազանց,2.0,18500
1998,Գազ,225000  կմ,Ձախ,Կանաչ,Սեդան,Լավ,2.4,5700
2018,Բենզին,48000  մղոն,Ձախ,Կապույտ,Սեդան,Գերազանց,2.0,15500
2019,Բենզին,20000  մղոն,Ձախ,Սև,Սեդան,Գերազանց,2.0,18000
2017,Բենզին,77000  կմ,Ձախ,Սպիտակ,Սեդան,Գերազանց,2.0,32700
2008,Բենզին,154000  կմ,Ձախ,Սև,Սեդան,Լավ,2.0,10500
2016,Բենզին,120  մղոն,Ձախ,Սև,Սեդան,Գերազանց,1.8,13000
2022,Բենզին,4200  մղոն,Ձախ,Մոխրագույն,Սեդան,Գերազանց,0.2,26400
2019,Բենզին,35000  մղոն,Ձախ,Սև,Սեդան,Գերազանց,2.0,16500
2017,Բենզին,50500  կմ,Ձախ,Արծաթագույն,Սեդան,Գերազանց,2.0,12000
1993,Բենզին,350000  կմ,Ձախ,Կապույտ,Սեդան,Նորմալ,1.8,3300
2020,Բենզին,30000  կմ,Ձախ,Կապույտ,Սեդան,Գերազանց,2.0,18000
2003,Գազ,300000  կմ,Ձախ,Այլ գույն,Սեդան,Նորմալ,2.0,6000
2017,Բենզին,78000  մղոն,Ձախ,Սպիտակ,Ամենագնաց,Գերազանց,2.0,17500
2019,Բենզին,120000  կմ,Ձախ,Սև,Սեդան,Նոր,2.0,23000
2005,Գազ,247000  կմ,Ձախ,Արծաթագույն,Սեդան,Գերազանց,2.6,7500
2011,Բենզին,120000  կմ,Ձախ,Սև,Սեդան,Լավ,2.0,15750
2012,Գազ,135000  մղոն,Ձախ,Սև,Սեդան,Լավ,2.0,9000
2019,Բենզին,32000  մղոն,Ձախ,Կարմիր,Սեդան,Գերազանց,2.0,13900
2008,Բենզին,152000  կմ,Ձախ,Մոխրագույն,Սեդան,Գերազանց,2.0,12500
2021,Բենզին,18500  կմ,Ձախ,Սև,Սեդան,Լավ,2.0,37500
1995,Գազ,250000  կմ,Ձախ,Սպիտակ,Սեդան,Լավ,2.0,5000
2011,Բենզին և գազ,130000  մղոն,Ձախ,Սև,Սեդան,Գերազանց,1.8,11500
2019,Բենզին,34000  կմ,Ձախ,Սև,Սեդան,Գերազանց,2.0,14500
2020,Բենզին,32000  մղոն,Ձախ,Մոխրագույն,Հետչբեք,Գերազանց,2.0,19300
2019,Բենզին,32000  մղոն,Ձախ,Սև,Սեդան,Լավ,2.0,17000
2017,Բենզին,119000  կմ,Ձախ,Կապույտ,Ամենագնաց,Գերազանց,2.0,14800
2020,Բենզին,16000  մղոն,Ձախ,Սպիտակ,Սեդան,Գերազանց,2.0,19500
2022,Բենզին,3000  մղոն,Ձախ,Կապույտ,Սեդան,Գերազանց,2.0,27500
2014,Բենզին,119000  մղոն,Ձախ,Սև,Սեդան,Լավ,1.8,10200
2011,Բենզին,185000  կմ,Ձախ,Սպիտակ,Սեդան,Լավ,1.8,8000
2021,Բենզին,16000  կմ,Ձախ,Սև,Ամենագնաց,Գերազանց,2.5,35500
2016,Բենզին,180000  կմ,Ձախ,Արծաթագույն,Ամենագնաց,Գերազանց,2.5,18900
2000,Բենզին,135000  կմ,Ձախ,Արծաթագույն,Սեդան,Գերազանց,2.0,8500
2020,Բենզին,36000  կմ,Ձախ,Սև,Սեդան,Վթարված,2.0,11000
2020,Բենզին,73  կմ,Ձախ,Սպիտակ,Ամենագնաց,Գերազանց,2.0,21000
2015,Բենզին,38000  կմ,Ձախ,Սև,Սեդան,Գերազանց,1.8,15750
2005,Բենզին,250000  կմ,Ձախ,Սպիտակ,Սեդան,Լավ,2.0,7800
2019,Բենզին,58000  մղոն,Ձախ,Արծաթագույն,Սեդան,Գերազանց,2.0,16000
2019,Բենզին,66661  մղոն,Ձախ,Արծաթագույն,Սեդան,Լավ,2.0,15750
2019,Բենզին,64000  մղոն,Ձախ,Կապույտ,Սեդան,Գերազանց,2.0,14900
2019,Բենզին,28000  մղոն,Ձախ,Սև,Ամենագնաց,Գերազանց,2.0,19500
2014,Բենզին,158000  մղոն,Ձախ,Արծաթագույն,Սեդան,Գերազանց,2.0,9475
2020,Բենզին,74000  կմ,Ձախ,Կապույտ,Սեդան,Գերազանց,2.0,16900
2018,Բենզին,80000  մղոն,Ձախ,Սպիտակ,Ունիվերսալ,Գերազանց,2.0,15750
2016,Բենզին,160000  կմ,Ձախ,Սև,Սեդան,Գերազանց,2.0,11100
2020,Բենզին,37000  մղոն,Ձախ,Նարնջագույն,Սեդան,Գերազանց,2.0,20000
2004,Գազ,260000  կմ,Ձախ,Մոխրագույն,Սեդան,Լավ,2.0,7600
2020,Բենզին,38000  մղոն,Ձախ,Սպիտակ,Սեդան,Գերազանց,2.0,15750
2016,Բենզին,112039  կմ,Ձախ,Սև,Սեդան,Լավ,1.8,16000
2017,Բենզին և գազ,145000  կմ,Ձախ,Սպիտակ,Սեդան,Գերազանց,2.0,15000
2019,Բենզին,28000  կմ,Ձախ,Մոխրագույն,Ամենագնաց,Գերազանց,2.0,15750
2017,Բենզին,38000  մղոն,Ձախ,Արծաթագույն,Սեդան,Գերազանց,2.0,15000
2015,Բենզին,83000  մղոն,Ձախ,Սպիտակ,Սեդան,Լավ,2.0,11500
2013,Բենզին,127000  մղոն,Ձախ,Սև,Սեդան,Լավ,1.8,9990
2017,Բենզին,130000  մղոն,Ձախ,Սպիտակ,Ամենագնաց,Գերազանց,2.5,15800
2007,Բենզին,240000  կմ,Ձախ,Սև,Սեդան,Լավ,2.0,9500
2018,Բենզին,38900  մղոն,Ձախ,Սև,Սեդան,Գերազանց,2.0,14800
2007,Բենզին,160000  կմ,Ձախ,Սև,Սեդան,Գերազանց,2.0,7250
2018,Բենզին,57000  կմ,Ձախ,Սպիտակ,Սեդան,Գերազանց,2.0,32700
2019,Բենզին,28400  մղոն,Ձախ,Սև,Ամենագնաց,Գերազանց,2.0,19300
2020,Բենզին,30000  կմ,Ձախ,Մոխրագույն,Սեդան,Գերազանց,2.0,21700
2012,Բենզին,170000  կմ,Ձախ,Սպիտակ,Ամենագնաց,Գերազանց,2.0,15500
2019,Բենզին,26800  մղոն,Ձախ,Սև,Սեդան,Գերազանց,2.0,17300
2018,Բենզին և գազ,45000  մղոն,Ձախ,Մոխրագույն,Ամենագնաց,Գերազանց,2.0,21000
2018,Բենզին,79000  կմ,Ձախ,Սև,Սեդան,Գերազանց,2.0,13500
2014,Բենզին,7280  մղոն,Ձախ,Կարմիր,Սեդան,Գերազանց,2.0,18000
2008,Բենզին,131000  կմ,Ձախ,Սպիտակ,Սեդան,Գերազանց,2.0,12300
2018,Բենզին,60000  կմ,Ձախ,Սպիտակ,Հետչբեք,Գերազանց,2.5,18500
2014,Բենզին,125000  կմ,Ձախ,Կապույտ,Սեդան,Լավ,2.0,13000
2019,Բենզին,76000  մղոն,Ձախ,Սև,Սեդան,Գերազանց,2.0,18500
2020,Բենզին,68500  կմ,Ձախ,Արծաթագույն,Սեդան,Գերազանց,2.0,22900
2019,Բենզին,49000  մղոն,Ձախ,Մոխրագույն,Ամենագնաց,Գերազանց,2.0,23200
2020,Բենզին,60000  մղոն,Ձախ,Արծաթագույն,Սեդան,Գերազանց,2.0,19000
2011,Բենզին,300000  կմ,Ձախ,Արծաթագույն,Սեդան,Գերազանց,2.0,8800
2018,Բենզին,52000  մղոն,Ձախ,Մոխրագույն,Սեդան,Գերազանց,2.0,15250
2018,Բենզին,72200  մղոն,Ձախ,Սև,Ամենագնաց,Գերազանց,2.0,15000
2007,Բենզին և գազ,280000  կմ,Ձախ,Սև,Սեդան,Լավ,2.0,12000
2009,Բենզին,180000  կմ,Ձախ,Սև,Սեդան,Գերազանց,2.0,11300
2016,Բենզին,134000  կմ,Ձախ,Սև,Սեդան,Գերազանց,1.6,16500
2013,Բենզին և գազ,264000  կմ,Ձախ,Սև,Սեդան,Լավ,2.0,13500
1995,Գազ,210000  կմ,Ձախ,Արծաթագույն,Սեդան,Նորմալ,2.0,4500
2019,Բենզին,54000  կմ,Ձախ,Սև,Սեդան,Գերազանց,1.6,15750
2014,Բենզին,52000  մղոն,Ձախ,Սպիտակ,Սեդան,Գերազանց,1.8,11500
2018,Բենզին,41000  կմ,Ձախ,Սև,Սեդան,Գերազանց,2.0,39500
2017,Բենզին,80000  մղոն,Ձախ,Սպիտակ,Ամենագնաց,Գերազանց,2.0,15750
2017,Բենզին,58000  մղոն,Ձախ,Սպիտակ,Սեդան,Գերազանց,2.0,12000
2017,Բենզին,165000  կմ,Ձախ,Սև,Սեդան,Լավ,2.0,13500
1998,Բենզին,276001  կմ,Ձախ,Սպիտակ,Սեդան,Լավ,2.0,5900
2017,Բենզին,95000  մղոն,Ձախ,Արծաթագույն,Սեդան,Գերազանց,2.0,15750
2001,Բենզին,230000  կմ,Ձախ,Արծաթագույն,Սեդան,Լավ,2.0,6000
2020,Բենզին,37000  կմ,Ձախ,Սպիտակ,Սեդան,Գերազանց,2.0,37500
2010,Բենզին,86000  մղոն,Ձախ,Սպիտակ,Սեդան,Գերազանց,2.0,8500
2016,Բենզին,85000  կմ,Ձախ,Սև,Սեդան,Գերազանց,2.0,15500
2019,Բենզին,55000  մղոն,Ձախ,Շագանակագույն,Սեդան,Լավ,2.0,15000
2016,Բենզին,77000  մղոն,Ձախ,Սև,Սեդան,Գերազանց,1.8,12000
2017,Բենզին,94800  մղոն,Ձախ,Սպիտակ,Ամենագնաց,Գերազանց,2.5,18000
2020,Բենզին,45000  մղոն,Ձախ,Սպիտակ,Սեդան,Գերազանց,2.0,16200
2019,Բենզին,60000  մղոն,Ձախ,Սև,Ամենագնաց,Գերազանց,2.5,16700
2012,Բենզին,100000  կմ,Ձախ,Արծաթագույն,Սեդան,Գերազանց,2.0,14000
2016,Բենզին,106000  մղոն,Ձախ,Սպիտակ,Սեդան,Գերազանց,2.0,12200
2019,Բենզին,53500  մղոն,Ձախ,Սպիտակ,Սեդան,Գերազանց,2.0,16900
2018,Բենզին,95000  կմ,Ձախ,Սպիտակ,Ամենագնաց,Գերազանց,2.5,15500
2019,Բենզին,11000  մղոն,Ձախ,Կապույտ,Սեդան,Գերազանց,2.0,16600
2015,Գազ,78000  մղոն,Ձախ,Այլ գույն,Ամենագնաց,Գերազանց,2.5,15500
2017,Բենզին,80000  կմ,Ձախ,Արծաթագույն,Ամենագնաց,Գերազանց,2.5,16500
2018,Բենզին,65000  մղոն,Ձախ,Սև,Սեդան,Գերազանց,2.0,15000
2020,Բենզին,29500  կմ,Ձախ,Սպիտակ,Սեդան,Նոր,1.5,36500
2020,Բենզին,53009  կմ,Ձախ,Սև,Սեդան,Գերազանց,2.0,25800
2017,Բենզին,147000  կմ,Ձախ,Կապույտ,Ամենագնաց,Գերազանց,2.4,14800
2017,Բենզին,91000  կմ,Ձախ,Սպիտակ,Սեդան,Գերազանց,1.6,17500
2016,Բենզին,50000  կմ,Ձախ,Սպիտակ,Սեդան,Գերազանց,2.0,35500
2020,Բենզին,20000  մղոն,Ձախ,Սև,Ամենագնաց,Գերազանց,2.0,15750
2017,Բենզին,137000  կմ,Ձախ,Սպիտակ,Սեդան,Գերազանց,2.0,28500
2018,Բենզին,44000  մղոն,Ձախ,Արծաթագույն,Ամենագնաց,Գերազանց,2.0,18500
2017,Գազ,136000  մղոն,Ձախ,Սպիտակ,Սեդան,Լավ,2.0,12500
2019,Բենզին,79000  մղոն,Ձախ,Սև,Ամենագնաց,Գերազանց,2.0,18900
2017,Բենզին,40400  մղոն,Ձախ,Սև,Սեդան,Գերազանց,2.0,12900
2018,Բենզին,64000  մղոն,Ձախ,Կապույտ,Ամենագնաց,Գերազանց,2.0,16500
2017,Բենզին,75000  կմ,Ձախ,Այլ գույն,Սեդան,Գերազանց,2.0,18000
2010,Բենզին,200  կմ,Ձախ,Սպիտակ,Սեդան,Գերազանց,3.5,19000
1995,Գազ,109  կմ,Ձախ,Կապույտ,Սեդան,Լավ,2.0,4500
2017,Բենզին,64000  կմ,Ձախ,Սև,Սեդան,Գերազանց,2.0,17900
2007,Բենզին,173000  կմ,Ձախ,Սև,Սեդան,Գերազանց,2.3,7900
2019,Բենզին,31000  կմ,Ձախ,Սև,Ամենագնաց,Գերազանց,2.0,18500
2014,Բենզին,159000  մղոն,Ձախ,Մոխրագույն,Սեդան,Լավ,2.0,10000
2018,Բենզին,54000  մղոն,Ձախ,Սպիտակ,Ունիվերսալ,Գերազանց,2.0,20700
2016,Բենզին,200000  կմ,Ձախ,Սև,Ամենագնաց,Գերազանց,2.5,15000
2020,Բենզին,100000  կմ,Ձախ,Սև,Սեդան,Գերազանց,1.8,19000
2012,Բենզին և գազ,131000  մղոն,Ձախ,Սպիտակ,Սեդան,Գերազանց,2.0,8900
2019,Բենզին,58000  մղոն,Ձախ,Սպիտակ,Սեդան,Գերազանց,2.0,16400
2017,Բենզին,115000  մղոն,Ձախ,Սև,Սեդան,Գերազանց,2.0,11400
2012,Բենզին և գազ,146500  մղոն,Ձախ,Սև,Սեդան,Լավ,2.0,7600
2002,Բենզին և գազ,296000  կմ,Ձախ,Արծաթագույն,Սեդան,Լավ,2.0,6100
2014,Բենզին և գազ,116000  մղոն,Ձախ,Սպիտակ,Սեդան,Գերազանց,1.8,10800
2010,Բենզին,166000  մղոն,Ձախ,Կապույտ,Կուպե,Լավ,2.0,7200
2017,Բենզին,40  մղոն,Ձախ,Սև,Ամենագնաց,Լավ,2.0,16500
2012,Գազ,100000  մղոն,Ձախ,Սպիտակ,Սեդան,Գերազանց,2.0,9900
2017,Բենզին,77000  մղոն,Ձախ,Սպիտակ,Ամենագնաց,Գերազանց,2.0,16000
2017,Բենզին,110157  կմ,Ձախ,Կապույտ,Սեդան,Գերազանց,2.0,33000
2010,Բենզին,169000  կմ,Ձախ,Սև,Սեդան,Լավ,1.6,10900
2017,Բենզին,58000  մղոն,Ձախ,Սպիտակ,Ամենագնաց,Գերազանց,2.5,18700
2009,Բենզին,180000  կմ,Ձախ,Սպիտակ,Սեդան,Լավ,2.0,12500
2017,Բենզին,91000  մղոն,Ձախ,Մոխրագույն,Ամենագնաց,Գերազանց,2.5,16300
2021,Բենզին,20000  մղոն,Ձախ,Սև,Սեդան,Գերազանց,2.0,15750
2010,Բենզին,145000  մղոն,Ձախ,Սև,Սեդան,Լավ,3.0,12500
2017,Բենզին,35000  մղոն,Ձախ,Կապույտ,Ամենագնաց,Գերազանց,2.0,14700
2018,Բենզին,45000  մղոն,Ձախ,Սպիտակ,Ամենագնաց,Գերազանց,2.0,20300
2021,Բենզին,36000  կմ,Ձախ,Սպիտակ,Սեդան,Գերազանց,2.0,26200
2015,Բենզին,80000  մղոն,Ձախ,Սև,Սեդան,Գերազանց,2.0,15750
2019,Բենզին,29700  մղոն,Ձախ,Մոխրագույն,Սեդան,Գերազանց,2.0,17300
2017,Բենզին,53000  կմ,Ձախ,Սպիտակ,Սեդան,Գերազանց,1.8,30000
2018,Բենզին,61000  մղոն,Ձախ,Սև,Ամենագնաց,Գերազանց,2.0,17500
2019,Բենզին,120000  կմ,Ձախ,Սպիտակ,Ունիվերսալ,Գերազանց,2.5,16500
2015,Բենզին,99000  մղոն,Ձախ,Սև,Սեդան,Լավ,2.0,14800
2017,Բենզին,99000  մղոն,Ձախ,Սպիտակ,Սեդան,Գերազանց,2.0,12700
2019,Բենզին,20000  մղոն,Ձախ,Սպիտակ,Սեդան,Գերազանց,2.0,17500
2019,Բենզին,23500  կմ,Ձախ,Սև,Սեդան,Գերազանց,2.0,34900
2014,Բենզին,150000  կմ,Ձախ,Սպիտակ,Սեդան,Գերազանց,2.0,15300
2018,Բենզին,14000  մղոն,Ձախ,Սև,Սեդան,Գերազանց,2.0,15800
2005,Բենզին,90000  կմ,Ձախ,Սև,Սեդան,Գերազանց,2.5,9200
2015,Բենզին,90000  կմ,Ձախ,Սպիտակ,Սեդան,Գերազանց,2.0,15750
2019,Բենզին,68000  մղոն,Ձախ,Սև,Ամենագնաց,Գերազանց,2.5,19300
2017,Բենզին,43000  մղոն,Ձախ,Մոխրագույն,Սեդան,Գերազանց,2.0,12700
1996,Բենզին,263000  կմ,Ձախ,Արծաթագույն,Սեդան,Գերազանց,2.0,5700
2005,Բենզին,355535  կմ,Ձախ,Սև,Սեդան,Լավ,2.5,6500
2021,Բենզին,32000  կմ,Ձախ,Սև,Ամենագնաց,Նոր,2.0,19900
2019,Բենզին և գազ,44000  կմ,Ձախ,Սպիտակ,Ամենագնաց,Գերազանց,2.5,22000
1995,Գազ,351000  կմ,Ձախ,Արծաթագույն,Սեդան,Գերազանց,1.8,4500
2016,Բենզին,70000  կմ,Ձախ,Սպիտակ,Սեդան,Լավ,1.8,15750
2013,Բենզին,85625  մղոն,Ձախ,Սև,Սեդան,Լավ,2.0,12500
2014,Գազ,110500  կմ,Ձախ,Սև,Սեդան,Գերազանց,1.6,16000
2020,Բենզին,67000  կմ,Ձախ,Սպիտակ,Սեդան,Գերազանց,2.0,19900
2013,Բենզին,140000  մղոն,Ձախ,Արծաթագույն,Սեդան,Լավ,2.0,9000
2020,Բենզին,18000  կմ,Ձախ,Մոխրագույն,Ամենագնաց,Գերազանց,2.0,20700
2021,Բենզին,68444  կմ,Ձախ,Սև,Ամենագնաց,Գերազանց,2.0,37500
2016,Բենզին,54000  մղոն,Ձախ,Սև,Սեդան,Գերազանց,2.0,28000
2020,Բենզին,75000  մղոն,Ձախ,Կարմիր,Սեդան,Գերազանց,2.0,17500
2015,Բենզին,58000  կմ,Ձախ,Սպիտակ,Սեդան,Գերազանց,2.0,20800
1998,Բենզին,250000  կմ,Ձախ,Արծաթագույն,Սեդան,Գերազանց,1.8,5800
2019,Բենզին,54000  մղոն,Ձախ,Սև,Ամենագնաց,Գերազանց,2.0,20000
2016,Գազ,87000  կմ,Ձախ,Սպիտակ,Սեդան,Գերազանց,2.0,15800
2017,Բենզին,123000  մղոն,Ձախ,Արծաթագույն,Սեդան,Գերազանց,2.0,14700
2020,Բենզին,69000  մղոն,Ձախ,Սպիտակ,Սեդան,Գերազանց,2.0,18200
2019,Բենզին,50000  մղոն,Ձախ,Մոխրագույն,Ամենագնաց,Գերազանց,2.0,18000
2018,Բենզին,45000  մղոն,Ձախ,Արծաթագույն,Ամենագնաց,Գերազանց,2.0,17900
2018,Բենզին,78000  մղոն,Ձախ,Կապույտ,Սեդան,Գերազանց,2.0,13950
2016,Բենզին,198000  կմ,Ձախ,Շագանակագույն,Ամենագնաց,Գերազանց,2.0,13000
2016,Բենզին և գազ,137000  կմ,Ձախ,Սպիտակ,Սեդան,Գերազանց,2.0,12700
2019,Բենզին,32000  կմ,Ձախ,Կապույտ,Սեդան,Գերազանց,2.0,18000
2016,Բենզին,114000  կմ,Ձախ,Սև,Սեդան,Գերազանց,2.0,15750
2001,Բենզին,250000  կմ,Ձախ,Կապույտ,Հետչբեք,Նորմալ,2.0,3800
2019,Բենզին,43500  կմ,Ձախ,Սև,Ամենագնաց,Գերազանց,1.3,25900
2009,Բենզին,88  կմ,Ձախ,Կապույտ,Կուպե,Լավ,2.0,7200
2006,Բենզին,270  կմ,Ձախ,Արծաթագույն,Սեդան,Նորմալ,2.0,6500
2019,Բենզին,22000  մղոն,Ձախ,Սպիտակ,Ամենագնաց,Գերազանց,2.0,19300
2018,Բենզին,70000  մղոն,Ձախ,Մոխրագույն,Ունիվերսալ,Գերազանց,2.5,16000
2020,Բենզին,25000  մղոն,Ձախ,Սև,Սեդան,Գերազանց,2.0,19000
1998,Բենզին,155000  կմ,Ձախ,Սև,Սեդան,Գերազանց,2.0,4600
2017,Բենզին,81000  կմ,Ձախ,Սև,Սեդան,Լավ,2.0,35000
2015,Բենզին,91000  կմ,Ձախ,Մոխրագույն,Սեդան,Գերազանց,2.0,10200
2020,Բենզին,33000  մղոն,Ձախ,Կապույտ,Սեդան,Գերազանց,2.0,18500
2002,Բենզին,260000  կմ,Ձախ,Կապույտ,Սեդան,Լավ,2.0,5800
2013,Բենզին,175000  կմ,Ձախ,Սպիտակ,Սեդան,Գերազանց,2.5,15000
2021,Բենզին,17000  մղոն,Ձախ,Մոխրագույն,Սեդան,Գերազանց,2.0,23500
2015,Բենզին,85000  մղոն,Ձախ,Սև,Սեդան,Լավ,2.0,10700
2019,Բենզին,20000  կմ,Ձախ,Սպիտակ,Սեդան,Լավ,2.0,18000
2018,Բենզին,67000  կմ,Ձախ,Արծաթագույն,Ամենագնաց,Գերազանց,2.0,18500
2015,Բենզին,84000  մղոն,Ձախ,Սև,Սեդան,Լավ,1.8,10000
2017,Բենզին,66000  մղոն,Ձախ,Արծաթագույն,Ամենագնաց,Գերազանց,2.0,19800
2017,Բենզին,97  մղոն,Ձախ,Արծաթագույն,Սեդան,Լավ,2.0,10800
2012,Բենզին,110000  մղոն,Ձախ,Սպիտակ,Սեդան,Գերազանց,2.0,13500
2011,Բենզին,166000  կմ,Ձախ,Արծաթագույն,Սեդան,Լավ,2.0,10200
2012,Բենզին,77000  մղոն,Ձախ,Սև,Սեդան,Գերազանց,2.0,8500
2023,Բենզին,40  կմ,Ձախ,Սպիտակ,Սեդան,Լավ,2.0,25000
2019,Բենզին,90000  մղոն,Ձախ,Սև,Սեդան,Լավ,2.0,15750
2008,Բենզին,120000  կմ,Ձախ,Սպիտակ,Սեդան,Գերազանց,2.5,13200
2015,Բենզին,87000  կմ,Ձախ,Սև,Սեդան,Գերազանց,2.0,18300
2003,Բենզին և գազ,190000  կմ,Ձախ,Մոխրագույն,Սեդան,Նորմալ,2.0,6600
2019,Բենզին,100000  կմ,Ձախ,Սև,Սեդան,Գերազանց,1.8,14900
2019,Բենզին,46000  մղոն,Ձախ,Մոխրագույն,Սեդան,Լավ,2.0,15200
2004,Բենզին,330000  կմ,Ձախ,Սև,Սեդան,Լավ,2.0,4200
2018,Բենզին,62000  մղոն,Ձախ,Սև,Ամենագնաց,Գերազանց,2.5,19500
2017,Բենզին,65000  մղոն,Ձախ,Մոխրագույն,Ամենագնաց,Գերազանց,2.0,20500
2015,Բենզին,120  մղոն,Ձախ,Սպիտակ,Սեդան,Գերազանց,2.0,10900
2020,Բենզին,67000  մղոն,Ձախ,Կարմիր,Սեդան,Գերազանց,2.0,15900
2018,Բենզին,96000  կմ,Ձախ,Կապույտ,Սեդան,Գերազանց,2.5,16800
2019,Բենզին,16600  մղոն,Ձախ,Կարմիր,Սեդան,Գերազանց,2.0,17200
2017,Բենզին և գազ,175000  կմ,Ձախ,Սպիտակ,Ամենագնաց,Գերազանց,2.5,17700
2018,Բենզին,62000  մղոն,Ձախ,Սև,Ամենագնաց,Վթարված,2.5,13000
2016,Բենզին,120000  կմ,Ձախ,Սև,Սեդան,Լավ,2.0,9400
1999,Գազ,260000  կմ,Ձախ,Կապույտ,Սեդան,Նորմալ,2.0,4300
2019,Գազ,530000  մղոն,Ձախ,Արծաթագույն,Սեդան,Գերազանց,2.0,16800
2013,Բենզին,93000  մղոն,Ձախ,Կարմիր,Սեդան,Գերազանց,1.8,11000
2013,Բենզին,100000  կմ,Ձախ,Մոխրագույն,Սեդան,Լավ,2.0,8600
2019,Բենզին,40000  կմ,Ձախ,Կապույտ,Սեդան,Գերազանց,2.0,33500
2019,Բենզին,67000  մղոն,Ձախ,Արծաթագույն,Սեդան,Գերազանց,1.8,17000
2020,Բենզին,5918  մղոն,Ձախ,Արծաթագույն,Սեդան,Գերազանց,2.0,21800
2017,Բենզին և գազ,110000  մղոն,Ձախ,Սև,Ամենագնաց,Գերազանց,2.0,15700
2014,Բենզին,128000  կմ,Ձախ,Մոխրագույն,Սեդան,Գերազանց,2.0,14000
2007,Բենզին,139000  մղոն,Ձախ,Սև,Սեդան,Լավ,2.5,8100
2011,Գազ,170000  մղոն,Ձախ,Սպիտակ,Սեդան,Գերազանց,1.8,12000
2020,Բենզին,24000  կմ,Ձախ,Սև,Սեդան,Գերազանց,2.0,17800
2001,Գազ,257000  կմ,Ձախ,Սև,Սեդան,Լավ,2.0,6000
2015,Գազ,110000  մղոն,Ձախ,Սպիտակ,Սեդան,Նորմալ,2.0,9000
2017,Բենզին,83000  մղոն,Ձախ,Սպիտակ,Ամենագնաց,Գերազանց,2.0,17500
2018,Բենզին,25000  մղոն,Ձախ,Կապույտ,Սեդան,Գերազանց,2.0,20000
2022,Բենզին,50  կմ,Ձախ,Սև,Սեդան,Նոր,2.0,25500
2010,Բենզին,300000  կմ,Ձախ,Սև,Սեդան,Գերազանց,3.0,12500
2019,Բենզին,57500  մղոն,Ձախ,Արծաթագույն,Սեդան,Լավ,2.0,17500
2018,Բենզին,71000  կմ,Ձախ,Սև,Ամենագնաց,Գերազանց,2.5,15300
2020,Բենզին,80000  կմ,Ձախ,Մոխրագույն,Ամենագնաց,Գերազանց,2.0,14500
2010,Բենզին,78000  մղոն,Ձախ,Սպիտակ,Կուպե,Գերազանց,2.0,8000
2019,Բենզին,55000  մղոն,Ձախ,Սպիտակ,Սեդան,Գերազանց,2.0,22000
2020,Բենզին,43000  կմ,Ձախ,Սև,Ամենագնաց,Գերազանց,2.0,19700
1987,Գազ,290000  կմ,Ձախ,Բալագույն,Սեդան,Գերազանց,2.0,4950
1996,Գազ,3187  կմ,Ձախ,Կանաչ,Սեդան,Լավ,2.0,4300
2012,Բենզին,120000  մղոն,Ձախ,Սպիտակ,Սեդան,Գերազանց,2.0,8900
2019,Բենզին,34000  մղոն,Ձախ,Սպիտակ,Սեդան,Գերազանց,2.0,17500
2017,Բենզին,64000  մղոն,Ձախ,Սև,Սեդան,Վթարված,2.0,12000
2019,Բենզին,45000  կմ,Ձախ,Սև,Սեդան,Գերազանց,2.0,18500
2015,Բենզին,125000  կմ,Ձախ,Սպիտակ,Սեդան,Գերազանց,2.0,24500
2018,Բենզին,67500  մղոն,Ձախ,Սև,Ամենագնաց,Գերազանց,2.5,18500
2013,Բենզին,190000  կմ,Ձախ,Սև,Սեդան,Գերազանց,3.5,20000
2017,Բենզին,54000  մղոն,Ձախ,Մոխրագույն,Ամենագնաց,Գերազանց,2.5,18000
2018,Բենզին,120000  մղոն,Ձախ,Կապույտ,Ամենագնաց,Գերազանց,2.5,15500
2019,Բենզին,88221  մղոն,Ձախ,Արծաթագույն,Սեդան,Գերազանց,2.0,15300
2017,Բենզին,560000  կմ,Ձախ,Սև,Սեդան,Գերազանց,2.0,16800
1999,Գազ,254000  կմ,Ձախ,Կապույտ,Սեդան,Գերազանց,1.8,4800
2008,Գազ,275000  կմ,Ձախ,Սև,Սեդան,Գերազանց,2.0,9800
2019,Բենզին,42000  մղոն,Ձախ,Մոխրագույն,Սեդան,Գերազանց,2.0,16500
2008,Բենզին,167000  կմ,Ձախ,Սպիտակ,Սեդան,Գերազանց,3.5,9600
2020,Բենզին,27000  մղոն,Ձախ,Մոխրագույն,Սեդան,Գերազանց,2.0,16200
2019,Բենզին,68000  մղոն,Ձախ,Սև,Սեդան,Լավ,2.0,14200
2019,Բենզին,6400  մղոն,Ձախ,Արծաթագույն,Ունիվերսալ,Գերազանց,2.0,15200
2020,Բենզին,36000  մղոն,Ձախ,Կարմիր,Սեդան,Գերազանց,2.0,15000
2019,Բենզին,50000  մղոն,Ձախ,Սև,Սեդան,Գերազանց,2.0,19000
2019,Բենզին,94000  կմ,Ձախ,Սև,Սեդան,Գերազանց,2.0,17500
2015,Բենզին,81000  մղոն,Ձախ,Մոխրագույն,Սեդան,Գերազանց,2.0,14000
2020,Գազ,52000  կմ,Ձախ,Սև,Ամենագնաց,Գերազանց,2.5,17500
2019,Բենզին,42000  մղոն,Ձախ,Արծաթագույն,Սեդան,Գերազանց,2.0,15400
1998,Բենզին,179000  կմ,Ձախ,Սև,Սեդան,Գերազանց,2.0,6300
2021,Բենզին,44000  կմ,Ձախ,Սև,Սեդան,Գերազանց,2.0,20500
2016,Բենզին,46900  մղոն,Ձախ,Սպիտակ,Սեդան,Գերազանց,2.0,13800
2015,Բենզին,57989  կմ,Ձախ,Մոխրագույն,Սեդան,Գերազանց,1.8,11500
2017,Բենզին,67000  մղոն,Ձախ,Կապույտ,Ամենագնաց,Գերազանց,2.5,14800
2013,Բենզին,223500  կմ,Ձախ,Սպիտակ,Ամենագնաց,Լավ,2.0,12300
2015,Բենզին,165000  կմ,Ձախ,Սև,Սեդան,Լավ,2.0,25000
2021,Բենզին,68000  կմ,Ձախ,Արծաթագույն,Սեդան,Գերազանց,2.0,25000
2018,Բենզին,83000  կմ,Ձախ,Սպիտակ,Ամենագնաց,Լավ,2.0,14000
2022,Բենզին,3000  մղոն,Ձախ,Սև,Սեդան,Նոր,2.0,25500
2015,Բենզին,82000  մղոն,Ձախ,Արծաթագույն,Սեդան,Գերազանց,2.0,12000
2020,Բենզին,60000  մղոն,Ձախ,Արծաթագույն,Սեդան,Գերազանց,2.0,19000
2017,Բենզին,34000  մղոն,Ձախ,Սև,Սեդան,Լավ,2.0,12300
2017,Բենզին,43000  կմ,Ձախ,Սպիտակ,Հետչբեք,Գերազանց,1.6,15000
2019,Բենզին,15000  մղոն,Ձախ,Կարմիր,Սեդան,Գերազանց,2.0,17500
1998,Բենզին և գազ,350850  կմ,Ձախ,Արծաթագույն,Սեդան,Գերազանց,2.0,4700
2022,Բենզին,22000  մղոն,Ձախ,Մոխրագույն,Սեդան,Գերազանց,2.0,21000
2015,Բենզին,135  մղոն,Ձախ,Սև,Սեդան,Գերազանց,2.0,10000
2008,Բենզին,276000  կմ,Ձախ,Սև,Սեդան,Լավ,1.6,8300
2018,Բենզին,47000  կմ,Ձախ,Սև,Սեդան,Գերազանց,1.8,15800
2019,Բենզին,30000  մղոն,Ձախ,Սև,Ամենագնաց,Գերազանց,2.0,15300
2017,Բենզին,74000  մղոն,Ձախ,Սև,Ամենագնաց,Գերազանց,2.0,16000
2011,Բենզին,190000  կմ,Ձախ,Սև,Սեդան,Գերազանց,2.0,12500
2021,Բենզին,29000  մղոն,Ձախ,Սպիտակ,Սեդան,Գերազանց,2.0,25600
2017,Բենզին,50500  մղոն,Ձախ,Արծաթագույն,Սեդան,Գերազանց,2.0,12200
2017,Բենզին,75000  կմ,Ձախ,Մոխրագույն,Սեդան,Գերազանց,2.0,27900
2018,Բենզին,85000  կմ,Ձախ,Մոխրագույն,Սեդան,Գերազանց,2.0,13600
2012,Բենզին,210000  կմ,Ձախ,Սպիտակ,Հետչբեք,Գերազանց,2.5,12000
2018,Բենզին,42600  մղոն,Ձախ,Սպիտակ,Սեդան,Գերազանց,2.0,16500
1995,Բենզին,290  կմ,Ձախ,Մանուշակագույն,Սեդան,Նորմալ,2.0,4000
2020,Բենզին,128000  կմ,Ձախ,Սպիտակ,Սեդան,Գերազանց,2.0,14500
2018,Բենզին,57000  մղոն,Ձախ,Սպիտակ,Ամենագնաց,Գերազանց,2.0,25000
2017,Բենզին,102000  կմ,Ձախ,Բալագույն,Ամենագնաց,Գերազանց,2.0,14999
2008,Բենզին,135000  կմ,Ձախ,Սև,Սեդան,Գերազանց,1.6,10900
2013,Բենզին,61000  մղոն,Ձախ,Սպիտակ,Սեդան,Լավ,1.8,14000
2017,Բենզին,71000  կմ,Ձախ,Կապույտ,Սեդան,Գերազանց,2.0,11800
2016,Բենզին,185000  կմ,Ձախ,Կապույտ,Սեդան,Գերազանց,2.0,11400
2020,Բենզին,37394  մղոն,Ձախ,Սև,Սեդան,Վթարված,2.0,17300
2018,Բենզին,90000  կմ,Ձախ,Բալագույն,Սեդան,Գերազանց,2.0,13800
2016,Բենզին,80000  մղոն,Ձախ,Կապույտ,Սեդան,Լավ,2.0,12400
2019,Բենզին,21000  մղոն,Ձախ,Սև,Սեդան,Գերազանց,2.0,18000
1996,Գազ,400000  կմ,Ձախ,Սև,Սեդան,Լավ,2.0,4700
1996,Գազ,334000  կմ,Ձախ,Սպիտակ,Սեդան,Լավ,1.8,4400
2019,Բենզին,30000  մղոն,Ձախ,Կապույտ,Սեդան,Գերազանց,2.0,17700
2017,Բենզին,61000  մղոն,Ձախ,Սև,Սեդան,Գերազանց,2.0,28000
2013,Բենզին,146  մղոն,Ձախ,Արծաթագույն,Սեդան,Գերազանց,2.0,10500
2019,Բենզին,81134  կմ,Ձախ,Սպիտակ,Սեդան,Գերազանց,2.0,23000
2022,Բենզին,3000  մղոն,Ձախ,Բալագույն,Ամենագնաց,Գերազանց,1.5,34500
2017,Բենզին,100000  մղոն,Ձախ,Սև,Ամենագնաց,Գերազանց,2.5,15800
2016,Բենզին,40000  կմ,Ձախ,Սև,Սեդան,Գերազանց,1.6,17000
2018,Բենզին,58900  մղոն,Ձախ,Սպիտակ,Ամենագնաց,Գերազանց,2.0,17800
2005,Գազ,220000  կմ,Ձախ,Սպիտակ,Սեդան,Լավ,2.0,6200
2017,Բենզին,43009  մղոն,Ձախ,Սև,Ամենագնաց,Գերազանց,2.5,20500
2017,Բենզին,70000  մղոն,Ձախ,Մոխրագույն,Ամենագնաց,Գերազանց,2.0,15750
2022,Բենզին,150  մղոն,Ձախ,Սև,Սեդան,Գերազանց,2.0,25000
2018,Բենզին,25000  մղոն,Ձախ,Սպիտակ,Սեդան,Գերազանց,2.0,33000
2017,Բենզին,104000  մղոն,Ձախ,Սպիտակ,Ամենագնաց,Գերազանց,2.0,15750
2020,Բենզին,120000  կմ,Ձախ,Սև,Սեդան,Լավ,1.6,20700
1995,Բենզին,241000  կմ,Ձախ,Արծաթագույն,Սեդան,Լավ,1.8,5500
2020,Բենզին,7100  մղոն,Ձախ,Արծաթագույն,Սեդան,Գերազանց,2.0,15750
1997,Բենզին,261000  կմ,Ձախ,Այլ գույն,Սեդան,Նորմալ,2.0,4300
2017,Բենզին,60000  մղոն,Ձախ,Սև,Սեդան,Գերազանց,2.0,29800
2022,Բենզին,150  կմ,Ձախ,Սև,Սեդան,Նոր,2.0,20900
2014,Բենզին,124000  մղոն,Ձախ,Սպիտակ,Սեդան,Գերազանց,2.0,15750
2018,Բենզին,143000  կմ,Ձախ,Սպիտակ,Սեդան,Գերազանց,2.0,14800
2021,Բենզին,18000  կմ,Ձախ,Սպիտակ,Սեդան,Լավ,1.6,22500
2017,Բենզին,82000  մղոն,Ձախ,Սև,Սեդան,Գերազանց,2.0,26400
2012,Բենզին,240000  կմ,Ձախ,Սպիտակ,Սեդան,Գերազանց,1.6,9500
2016,Բենզին,75000  կմ,Ձախ,Սև,Սեդան,Գերազանց,2.0,17800
2017,Գազ,60000  կմ,Ձախ,Սպիտակ,Սեդան,Գերազանց,2.0,19000
2020,Բենզին,20000  մղոն,Ձախ,Սպիտակ,Սեդան,Նորմալ,2.0,16700
1994,Բենզին,400000  կմ,Ձախ,Բեժ,Սեդան,Լավ,2.0,3500
2018,Բենզին,90000  մղոն,Ձախ,Սև,Սեդան,Գերազանց,2.0,12500
2020,Բենզին,24000  մղոն,Ձախ,Սև,Ամենագնաց,Գերազանց,2.0,16850
2000,Բենզին,280000  կմ,Ձախ,Սև,Կուպե,Գերազանց,2.0,3800
2022,Բենզին,18000  կմ,Ձախ,Սպիտակ,Սեդան,Գերազանց,2.0,22000
2017,Բենզին,72000  կմ,Ձախ,Կապույտ,Սեդան,Գերազանց,2.0,13900
2016,Բենզին,80000  կմ,Ձախ,Սև,Սեդան,Լավ,2.0,18500
2011,Գազ,175000  մղոն,Ձախ,Սև,Սեդան,Գերազանց,2.0,8500
2007,Բենզին,106000  կմ,Ձախ,Կարմիր,Սեդան,Գերազանց,1.6,9800
2001,Գազ,235000  կմ,Ձախ,Արծաթագույն,Սեդան,Լավ,2.0,6300
2017,Բենզին,80000  մղոն,Ձախ,Շագանակագույն,Սեդան,Գերազանց,2.0,11800
2018,Բենզին,59100  կմ,Ձախ,Սև,Ունիվերսալ,Գերազանց,2.0,20800
2020,Բենզին,46000  կմ,Ձախ,Կապույտ,Սեդան,Գերազանց,2.0,18000
2014,Բենզին,105000  կմ,Ձախ,Սև,Սեդան,Գերազանց,1.8,24000
2021,Բենզին,86000  կմ,Ձախ,Սև,Սեդան,Գերազանց,2.0,20700
2022,Բենզին,11000  մղոն,Ձախ,Սև,Ամենագնաց,Գերազանց,2.0,26500
2019,Բենզին,30000  մղոն,Ձախ,Մոխրագույն,Սեդան,Գերազանց,2.0,17500
2020,Բենզին,42000  մղոն,Ձախ,Կարմիր,Սեդան,Գերազանց,2.4,13650
2017,Բենզին,106000  մղոն,Ձախ,Սպիտակ,Սեդան,Գերազանց,2.0,13300
2018,Բենզին,3700  մղոն,Ձախ,Սև,Սեդան,Գերազանց,2.0,40000
2022,Բենզին,13000  կմ,Ձախ,Մոխրագույն,Սեդան,Գերազանց,2.0,35000
2015,Բենզին,92540  մղոն,Ձախ,Արծաթագույն,Սեդան,Գերազանց,1.6,10000
2018,Գազ,73000  մղոն,Ձախ,Սպիտակ,Սեդան,Գերազանց,2.0,13900
2017,Բենզին,86000  մղոն,Ձախ,Արծաթագույն,Ամենագնաց,Գերազանց,2.0,16500
2012,Բենզին,123500  կմ,Ձախ,Սև,Սեդան,Գերազանց,1.8,12500
2018,Բենզին,57000  կմ,Ձախ,Սև,Ամենագնաց,Գերազանց,2.0,21300
2012,Բենզին,100000  կմ,Ձախ,Սև,Սեդան,Գերազանց,1.8,13200
2015,Բենզին,115000  կմ,Ձախ,Սպիտակ,Սեդան,Գերազանց,2.0,15750
2017,Բենզին,155000  կմ,Ձախ,Արծաթագույն,Սեդան,Լավ,2.0,11500
2016,Բենզին,120000  կմ,Ձախ,Սև,Սեդան,Գերազանց,2.0,26700
2019,Բենզին,45047  մղոն,Ձախ,Արծաթագույն,Սեդան,Գերազանց,2.0,19800
2001,Գազ,329000  կմ,Ձախ,Բեժ,Սեդան,Լավ,2.0,5300
2019,Բենզին,52000  մղոն,Ձախ,Սև,Սեդան,Վթարված,2.0,13200
2017,Բենզին,82000  մղոն,Ձախ,Շագանակագույն,Սեդան,Վթարված,2.0,14200
2019,Բենզին,32000  մղոն,Ձախ,Սև,Ամենագնաց,Գերազանց,2.0,21000
1997,Գազ,197000  կմ,Ձախ,Արծաթագույն,Սեդան,Գերազանց,2.0,5250
2019,Բենզին,69000  մղոն,Ձախ,Մոխրագույն,Ամենագնաց,Գերազանց,2.0,18500
1998,Բենզին,210749  կմ,Ձախ,Մոխրագույն,Սեդան,Գերազանց,1.8,6000
2017,Բենզին,110000  կմ,Ձախ,Կապույտ,Սեդան,Գերազանց,1.8,16500
2018,Բենզին,71000  կմ,Ձախ,Մոխրագույն,Սեդան,Գերազանց,2.0,28500
2019,Բենզին,18000  մղոն,Ձախ,Սև,Սեդան,Գերազանց,2.0,37000
2019,Բենզին,4000  կմ,Ձախ,Մոխրագույն,Ամենագնաց,Գերազանց,2.0,15600
2013,Բենզին,180000  կմ,Ձախ,Սպիտակ,Սեդան,Գերազանց,1.8,9500
2019,Բենզին,62000  մղոն,Ձախ,Սև,Սեդան,Գերազանց,2.0,13500
2018,Բենզին,35000  մղոն,Ձախ,Արծաթագույն,Սեդան,Գերազանց,2.0,13500
2019,Գազ,60000  կմ,Ձախ,Արծաթագույն,Ամենագնաց,Գերազանց,2.0,18800
2012,Բենզին,124000  մղոն,Ձախ,Սև,Սեդան,Լավ,3.0,13800
2014,Բենզին,72000  մղոն,Ձախ,Կապույտ,Սեդան,Լավ,1.8,10800
2018,Բենզին,22000  մղոն,Ձախ,Սև,Ամենագնաց,Գերազանց,2.5,20300
2016,Բենզին,37000  մղոն,Ձախ,Սև,Ամենագնաց,Գերազանց,2.5,16300
2018,Բենզին,87000  մղոն,Ձախ,Կապույտ,Ամենագնաց,Գերազանց,2.0,16900
2001,Բենզին,302000  կմ,Ձախ,Արծաթագույն,Սեդան,Լավ,2.0,5800
2014,Բենզին,14300  մղոն,Ձախ,Այլ գույն,Հետչբեք,Գերազանց,2.0,10600
2019,Բենզին,88000  մղոն,Ձախ,Արծաթագույն,Ամենագնաց,Գերազանց,2.5,18700
2022,Բենզին,16000  մղոն,Ձախ,Արծաթագույն,Սեդան,Գերազանց,2.0,15750
2017,Բենզին,115000  կմ,Ձախ,Սպիտակ,Սեդան,Գերազանց,2.0,18000
2018,Բենզին,82000  կմ,Ձախ,Սպիտակ,Ամենագնաց,Գերազանց,2.0,14209
2012,Բենզին,10  մղոն,Ձախ,Կարմիր,Կուպե,Լավ,2.0,9200
2016,Բենզին,98400  մղոն,Ձախ,Կարմիր,Սեդան,Լավ,1.8,10400
2018,Բենզին,66000  մղոն,Ձախ,Սև,Ամենագնաց,Գերազանց,2.0,17800
2020,Բենզին,27000  մղոն,Ձախ,Սպիտակ,Սեդան,Գերազանց,2.0,42000
2016,Բենզին,95000  մղոն,Ձախ,Սպիտակ,Ունիվերսալ,Գերազանց,2.5,15300
1997,Գազ,100000  կմ,Ձախ,Արծաթագույն,Սեդան,Գերազանց,2.0,4700
2020,Բենզին,70000  կմ,Ձախ,Սև,Սեդան,Գերազանց,2.0,16500
2019,Բենզին,71000  կմ,Ձախ,Կապույտ,Ամենագնաց,Լավ,2.0,14000
2018,Բենզին,38000  մղոն,Ձախ,Սև,Ամենագնաց,Գերազանց,2.0,16500
2008,Գազ,300000  կմ,Ձախ,Արծաթագույն,Սեդան,Լավ,3.5,11200
2018,Բենզին,67000  մղոն,Ձախ,Սև,Ամենագնաց,Գերազանց,2.5,16900
2020,Բենզին,27000  կմ,Ձախ,Սև,Սեդան,Գերազանց,2.0,23500
2018,Բենզին,47000  մղոն,Ձախ,Սպիտակ,Ամենագնաց,Գերազանց,2.5,15750
2008,Բենզին,220000  կմ,Ձախ,Սև,Սեդան,Գերազանց,2.0,9600
2022,Բենզին,800  կմ,Ձախ,Մոխրագույն,Սեդան,Գերազանց,2.0,37500
2019,Բենզին,65000  կմ,Ձախ,Սև,Սեդան,Գերազանց,1.6,27500
2016,Բենզին,90100  կմ,Ձախ,Սև,Սեդան,Գերազանց,2.0,18000
2017,Բենզին,107000  կմ,Ձախ,Սմբկագույն,Սեդան,Լավ,2.0,9900
2018,Բենզին,57000  մղոն,Ձախ,Սպիտակ,Սեդան,Գերազանց,2.0,15500
2019,Բենզին,49000  մղոն,Ձախ,Արծաթագույն,Սեդան,Գերազանց,2.0,14000
2018,Բենզին,49000  կմ,Ձախ,Մոխրագույն,Ամենագնաց,Գերազանց,2.5,17800
2019,Բենզին,17000  կմ,Ձախ,Սպիտակ,Սեդան,Գերազանց,2.0,15000
2014,Բենզին,130000  մղոն,Ձախ,Սև,Սեդան,Գերազանց,2.0,12500
2016,Բենզին,26000  մղոն,Ձախ,Կարմիր,Սեդան,Գերազանց,2.0,11000
2019,Բենզին,70000  մղոն,Ձախ,Մոխրագույն,Ամենագնաց,Վթարված,2.0,12500
2018,Բենզին,23000  մղոն,Ձախ,Սև,Սեդան,Գերազանց,2.0,15000
2017,Բենզին,70910  կմ,Ձախ,Մոխրագույն,Ամենագնաց,Գերազանց,2.0,16900
2019,Բենզին,32000  մղոն,Ձախ,Սև,Ամենագնաց,Գերազանց,2.5,26500
2013,Բենզին,130000  մղոն,Ձախ,Արծաթագույն,Սեդան,Գերազանց,2.0,10500
2017,Բենզին,102000  կմ,Ձախ,Կապույտ,Սեդան,Գերազանց,2.0,12600
2023,Բենզին,5000  կմ,Ձախ,Սև,Սեդան,Գերազանց,2.0,27000
2019,Բենզին,55000  կմ,Ձախ,Սև,Սեդան,Գերազանց,2.0,25000
2017,Բենզին,100000  մղոն,Ձախ,Սև,Սեդան,Վթարված,2.5,8500
2017,Բենզին,22000  մղոն,Ձախ,Սպիտակ,Սեդան,Գերազանց,2.0,28486
1995,Գազ,400000  կմ,Ձախ,Կապույտ,Սեդան,Լավ,2.0,15750
2017,Բենզին,45000  մղոն,Ձախ,Սև,Սեդան,Գերազանց,2.0,12500
2015,Բենզին,70000  մղոն,Ձախ,Մոխրագույն,Սեդան,Լավ,2.0,11500
2016,Բենզին և գազ,120  կմ,Ձախ,Սպիտակ,Ամենագնաց,Լավ,2.0,15750
2017,Բենզին,86000  կմ,Ձախ,Մոխրագույն,Ամենագնաց,Գերազանց,2.0,16000
2017,Բենզին,69000  մղոն,Ձախ,Սև,Սեդան,Լավ,2.0,13300
2014,Բենզին,138000  կմ,Ձախ,Սև,Սեդան,Նորմալ,2.0,8500
1997,Գազ,188000  կմ,Ձախ,Արծաթագույն,Սեդան,Նորմալ,2.0,4300
2017,Բենզին,132000  կմ,Ձախ,Արծաթագույն,Սեդան,Գերազանց,2.0,28000
2017,Գազ,101000  կմ,Ձախ,Սև,Ունիվերսալ,Գերազանց,2.0,17777
2019,Բենզին,31000  մղոն,Ձախ,Սև,Սեդան,Գերազանց,2.0,16800
2014,Գազ,167000  կմ,Ձախ,Մոխրագույն,Ամենագնաց,Լավ,2.5,14500
2017,Բենզին,70000  կմ,Ձախ,Սև,Սեդան,Գերազանց,2.0,29500
2019,Բենզին,57000  կմ,Ձախ,Կապույտ,Սեդան,Գերազանց,2.0,16500
2017,Բենզին,130000  կմ,Ձախ,Սև,Սեդան,Գերազանց,2.0,25800
2013,Բենզին,124000  կմ,Ձախ,Կարմիր,Սեդան,Գերազանց,2.0,12990
2018,Բենզին,48000  մղոն,Ձախ,Սպիտակ,Ամենագնաց,Գերազանց,2.0,21000
2019,Բենզին,107  մղոն,Ձախ,Սև,Ամենագնաց,Գերազանց,2.0,17200
2015,Գազ,82000  կմ,Ձախ,Սպիտակ,Սեդան,Գերազանց,2.0,16500
2017,Բենզին,83000  մղոն,Ձախ,Կանաչ,Ունիվերսալ,Գերազանց,2.5,20500
2019,Բենզին,38000  մղոն,Ձախ,Սև,Սեդան,Գերազանց,2.0,15900
2017,Բենզին,63000  կմ,Ձախ,Սև,Սեդան,Գերազանց,2.0,30000
2007,Գազ,290000  կմ,Ձախ,Ոսկեգույն,Սեդան,Գերազանց,2.5,8000
2020,Բենզին,30000  մղոն,Ձախ,Կապույտ,Սեդան,Գերազանց,2.0,17400
2017,Բենզին,91000  կմ,Ձախ,Սև,Կուպե,Գերազանց,2.0,39000
2018,Բենզին,41000  մղոն,Ձախ,Սև,Սեդան,Գերազանց,2.0,18200
2017,Բենզին,142000  կմ,Ձախ,Սև,Ամենագնաց,Գերազանց,2.0,16200
1996,Գազ,260000  կմ,Ձախ,Արծաթագույն,Սեդան,Լավ,2.0,5400
2011,Բենզին,166000  մղոն,Ձախ,Մոխրագույն,Սեդան,Գերազանց,2.0,9300
2019,Բենզին,30000  մղոն,Ձախ,Կապույտ,Ամենագնաց,Գերազանց,2.0,19200
2019,Բենզին,59000  մղոն,Ձախ,Սպիտակ,Ամենագնաց,Գերազանց,2.5,23500
2007,Բենզին,181000  կմ,Ձախ,Արծաթագույն,Սեդան,Գերազանց,2.0,9500
2019,Բենզին,69900  մղոն,Ձախ,Սպիտակ,Ամենագնաց,Գերազանց,2.5,24800
1997,Բենզին,300000  կմ,Ձախ,Արծաթագույն,Սեդան,Լավ,2.0,4900
2019,Բենզին,36600  մղոն,Ձախ,Մոխրագույն,Սեդան,Գերազանց,2.0,19900
2018,Բենզին,49000  կմ,Ձախ,Սպիտակ,Սեդան,Գերազանց,1.8,15500
1998,Գազ,234000  կմ,Ձախ,Արծաթագույն,Սեդան,Գերազանց,2.0,6950
2020,Բենզին,29000  կմ,Ձախ,Մոխրագույն,Ամենագնաց,Նոր,2.0,20900
2018,Բենզին,105000  մղոն,Ձախ,Սպիտակ,Սեդան,Գերազանց,2.0,11600
2019,Բենզին,70000  կմ,Ձախ,Կապույտ,Սեդան,Գերազանց,2.0,26000
2018,Բենզին,110000  կմ,Ձախ,Սև,Կուպե,Գերազանց,2.0,33600
2017,Բենզին,52000  մղոն,Ձախ,Կապույտ,Սեդան,Գերազանց,2.0,14800
2016,Գազ,140000  կմ,Ձախ,Սև,Ամենագնաց,Գերազանց,2.5,17500
2017,Բենզին,58000  մղոն,Ձախ,Մոխրագույն,Ամենագնաց,Գերազանց,2.0,18000
2007,Գազ,220000  կմ,Ձախ,Սև,Սեդան,Գերազանց,1.6,8900
2019,Բենզին,51000  մղոն,Ձախ,Մոխրագույն,Ամենագնաց,Գերազանց,2.0,17500
2019,Բենզին,27700  մղոն,Ձախ,Սև,Սեդան,Գերազանց,2.0,17500
2013,Բենզին,151000  կմ,Ձախ,Սև,Սեդան,Գերազանց,1.6,13800
2017,Բենզին,50000  կմ,Ձախ,Սպիտակ,Սեդան,Գերազանց,2.0,15500
1995,Գազ,222000  կմ,Ձախ,Սպիտակ,Սեդան,Լավ,1.8,4500
2018,Բենզին,111  կմ,Ձախ,Կապույտ,Սեդան,Գերազանց,2.0,31000
2017,Բենզին,90700  մղոն,Ձախ,Սև,Ամենագնաց,Լավ,2.5,16900
2022,Բենզին,24000  մղոն,Ձախ,Այլ գույն,Ամենագնաց,Գերազանց,2.0,30000
2018,Բենզին,146000  կմ,Ձախ,Արծաթագույն,Ամենագնաց,Լավ,2.5,14500
2010,Բենզին,111111  կմ,Ձախ,Սպիտակ,Սեդան,Լավ,1.6,7500
2017,Բենզին,65000  մղոն,Ձախ,Արծաթագույն,Սեդան,Գերազանց,2.0,17000
2019,Բենզին,23000  մղոն,Ձախ,Սև,Սեդան,Գերազանց,2.0,17000
2016,Բենզին,120000  կմ,Ձախ,Սև,Սեդան,Գերազանց,2.0,28500
2019,Բենզին,56000  կմ,Ձախ,Սպիտակ,Ունիվերսալ,Գերազանց,2.0,25300
2018,Բենզին,50000  կմ,Ձախ,Սև,Սեդան,Գերազանց,2.0,35900
1997,Գազ,257000  կմ,Ձախ,Արծաթագույն,Սեդան,Գերազանց,1.8,5250
2018,Բենզին,75000  մղոն,Ձախ,Սպիտակ,Սեդան,Գերազանց,2.0,27500
2018,Բենզին,33000  մղոն,Ձախ,Մոխրագույն,Ամենագնաց,Գերազանց,2.0,17300
2017,Բենզին,90000  կմ,Ձախ,Սպիտակ,Սեդան,Գերազանց,1.6,17500
2019,Բենզին,71000  մղոն,Ձախ,Մոխրագույն,Սեդան,Գերազանց,2.0,16000
2018,Բենզին,65000  կմ,Ձախ,Սպիտակ,Սեդան,Գերազանց,2.0,12800
2022,Բենզին,5700  մղոն,Ձախ,Սև,Սեդան,Գերազանց,1.8,27500
2019,Բենզին,66  մղոն,Ձախ,Կապույտ,Սեդան,Գերազանց,2.0,15800
2019,Բենզին,56000  կմ,Ձախ,Սպիտակ,Սեդան,Գերազանց,1.6,22500
2018,Բենզին և գազ,59000  մղոն,Ձախ,Սև,Սեդան,Գերազանց,2.0,11800
2017,Գազ,49000  մղոն,Ձախ,Սև,Սեդան,Լավ,2.0,11900
2018,Բենզին,64000  մղոն,Ձախ,Սպիտակ,Սեդան,Գերազանց,2.0,15750
2011,Բենզին և գազ,152000  կմ,Ձախ,Սպիտակ,Սեդան,Գերազանց,2.0,8150
2017,Բենզին,96000  կմ,Ձախ,Մոխրագույն,Ամենագնաց,Գերազանց,2.0,14500
2020,Բենզին,20000  մղոն,Ձախ,Սև,Ամենագնաց,Գերազանց,2.0,25000
2012,Բենզին,175000  կմ,Ձախ,Կարմիր,Սեդան,Լավ,3.0,16500
2013,Բենզին,60000  մղոն,Ձախ,Սպիտակ,Սեդան,Գերազանց,2.0,14000
2019,Բենզին,21000  մղոն,Ձախ,Կապույտ,Սեդան,Գերազանց,2.0,16500
2018,Բենզին,63000  մղոն,Ձախ,Արծաթագույն,Ամենագնաց,Գերազանց,2.0,17300
2022,Բենզին,19  կմ,Ձախ,Սպիտակ,Սեդան,Լավ,2.0,25950
1995,Բենզին,400000  կմ,Ձախ,Սև,Սեդան,Նորմալ,2.0,15750
2017,Բենզին,48000  մղոն,Ձախ,Մոխրագույն,Սեդան,Գերազանց,2.0,14000
2019,Բենզին,49000  մղոն,Ձախ,Կարմիր,Սեդան,Գերազանց,2.0,15000
2017,Բենզին,74000  մղոն,Ձախ,Սև,Սեդան,Գերազանց,2.0,14300
2019,Բենզին,38000  մղոն,Ձախ,Սև,Ամենագնաց,Գերազանց,2.0,23500
2019,Բենզին,30000  կմ,Ձախ,Մոխրագույն,Սեդան,Գերազանց,2.0,26800
2009,Բենզին,150000  մղոն,Ձախ,Կապույտ,Սեդան,Լավ,2.4,7300
2011,Բենզին,226566  կմ,Ձախ,Սպիտակ,Սեդան,Լավ,2.0,12500
2019,Բենզին,30000  մղոն,Ձախ,Կապույտ,Սեդան,Գերազանց,2.0,22000
2019,Բենզին,40000  մղոն,Ձախ,Մոխրագույն,Սեդան,Գերազանց,2.0,17700
2018,Բենզին,29000  մղոն,Ձախ,Սպիտակ,Սեդան,Գերազանց,2.0,14500
2019,Բենզին,30000  կմ,Ձախ,Սև,Ունիվերսալ,Գերազանց,2.0,20000
2013,Բենզին,115000  կմ,Ձախ,Սպիտակ,Սեդան,Գերազանց,2.0,10500
2020,Բենզին,46800  մղոն,Ձախ,Մոխրագույն,Սեդան,Գերազանց,2.0,13900
2021,Բենզին,17300  մղոն,Ձախ,Կապույտ,Սեդան,Գերազանց,2.0,24000
2006,Բենզին,220000  կմ,Ձախ,Սպիտակ,Սեդան,Գերազանց,2.0,7500
2017,Բենզին,25  մղոն,Ձախ,Մոխրագույն,Սեդան,Գերազանց,2.0,13700
2019,Բենզին,52000  մղոն,Ձախ,Արծաթագույն,Սեդան,Գերազանց,2.0,15700
2014,Բենզին,97000  կմ,Ձախ,Սպիտակ,Սեդան,Գերազանց,1.8,10500
2018,Բենզին,56000  կմ,Ձախ,Սև,Սեդան,Գերազանց,2.0,19000
2019,Բենզին,25000  մղոն,Ձախ,Մոխրագույն,Հետչբեք,Գերազանց,2.0,16000
1998,Գազ,300000  կմ,Ձախ,Կապույտ,Սեդան,Լավ,2.0,5400
2018,Բենզին,38500  մղոն,Ձախ,Մոխրագույն,Սեդան,Գերազանց,2.0,14200
2017,Բենզին,71000  կմ,Ձախ,Սպիտակ,Սեդան,Գերազանց,1.6,21000
2016,Գազ,130000  կմ,Ձախ,Մոխրագույն,Սեդան,Գերազանց,2.0,12500
2017,Բենզին,150000  կմ,Ձախ,Բեժ,Սեդան,Գերազանց,2.0,13800
2001,Բենզին,163000  կմ,Ձախ,Կապույտ,Սեդան,Լավ,2.4,6700
2015,Բենզին,123  մղոն,Ձախ,Սպիտակ,Սեդան,Լավ,1.8,10590
2019,Բենզին,70000  կմ,Ձախ,Կապույտ,Սեդան,Գերազանց,2.0,17500
2017,Բենզին,59000  մղոն,Ձախ,Սև,Ամենագնաց,Գերազանց,2.0,17000
2012,Բենզին,89000  մղոն,Ձախ,Մոխրագույն,Սեդան,Գերազանց,2.0,9300
2008,Գազ,180000  կմ,Ձախ,Սև,Սեդան,Լավ,3.0,13000
2018,Բենզին,26780  կմ,Ձախ,Սպիտակ,Ամենագնաց,Գերազանց,2.5,23000
2018,Բենզին և գազ,36000  մղոն,Ձախ,Սպիտակ,Ունիվերսալ,Գերազանց,2.0,19000
2011,Բենզին,153000  մղոն,Ձախ,Երկնագույն,Սեդան,Գերազանց,1.8,8800
2018,Բենզին,78000  կմ,Ձախ,Սպիտակ,Սեդան,Գերազանց,2.0,14000
2019,Բենզին,66000  մղոն,Ձախ,Կապույտ,Ամենագնաց,Գերազանց,2.0,17700
2008,Գազ,350000  կմ,Ձախ,Սպիտակ,Սեդան,Լավ,2.0,12500
2019,Բենզին,88000  մղոն,Ձախ,Մոխրագույն,Ամենագնաց,Գերազանց,2.5,20700
2022,Բենզին,4000  կմ,Ձախ,Սպիտակ,Սեդան,Գերազանց,2.0,27900
2020,Բենզին,12000  կմ,Ձախ,Սև,Սեդան,Գերազանց,2.0,16500
2020,Բենզին,33000  մղոն,Ձախ,Մոխրագույն,Սեդան,Գերազանց,2.0,17500
2017,Բենզին,78000  մղոն,Ձախ,Վարդագույն,Սեդան,Գերազանց,2.0,13000
2017,Բենզին,53000  մղոն,Ձախ,Կապույտ,Ամենագնաց,Գերազանց,2.5,17800
2010,Բենզին,280000  կմ,Ձախ,Մոխրագույն,Սեդան,Նորմալ,2.0,8200
2016,Բենզին,93000  կմ,Ձախ,Սև,Սեդան,Լավ,2.0,14200
2019,Բենզին,33600  մղոն,Ձախ,Կապույտ,Սեդան,Գերազանց,2.0,17000
1995,Գազ,350000  կմ,Ձախ,Սև,Սեդան,Լավ,2.8,4200
2017,Բենզին,51500  մղոն,Ձախ,Սև,Ունիվերսալ,Գերազանց,2.0,18000
2013,Բենզին,152000  կմ,Ձախ,Սպիտակ,Սեդան,Լավ,2.0,15000
2005,Բենզին և գազ,190000  կմ,Ձախ,Արծաթագույն,Սեդան,Լավ,2.0,6700
2009,Բենզին,185000  մղոն,Ձախ,Սպիտակ,Սեդան,Լավ,2.0,7000
2017,Բենզին,90000  մղոն,Ձախ,Կապույտ,Ունիվերսալ,Վթարված,2.0,13100
2016,Բենզին,83000  մղոն,Ձախ,Այլ գույն,Սեդան,Գերազանց,1.8,10900
2000,Գազ,322000  կմ,Ձախ,Արծաթագույն,Սեդան,Լավ,2.0,15750
2021,Բենզին,26000  մղոն,Ձախ,Մոխրագույն,Սեդան,Գերազանց,2.0,24900
2012,Բենզին,120000  կմ,Ձախ,Սպիտակ,Սեդան,Լավ,2.0,13500
2020,Բենզին,86999  կմ,Ձախ,Սպիտակ,Սեդան,Գերազանց,2.0,15400
2022,Բենզին,6500  կմ,Ձախ,Մոխրագույն,Սեդան,Լավ,2.0,25000
2018,Բենզին,120000  կմ,Ձախ,Արծաթագույն,Սեդան,Գերազանց,2.0,12300
2020,Բենզին,35000  մղոն,Ձախ,Կարմիր,Սեդան,Գերազանց,2.0,17600
2021,Բենզին,9000  մղոն,Ձախ,Սև,Ամենագնաց,Գերազանց,2.0,38000
2008,Բենզին,190000  կմ,Ձախ,Սև,Սեդան,Լավ,3.0,10500
2000,Գազ,260000  կմ,Ձախ,Արծաթագույն,Սեդան,Գերազանց,2.0,6300
2016,Բենզին,85000  մղոն,Ձախ,Արծաթագույն,Սեդան,Գերազանց,2.0,12300
2020,Բենզին,55094  կմ,Ձախ,Սև,Սեդան,Վթարված,2.0,15800
2018,Բենզին,30000  կմ,Ձախ,Սև,Ամենագնաց,Գերազանց,2.0,21500
2000,Բենզին և գազ,200000  կմ,Ձախ,Սև,Ունիվերսալ,Նորմալ,2.0,15750
2008,Բենզին,120000  մղոն,Ձախ,Կարմիր,Սեդան,Գերազանց,3.0,10500
2019,Բենզին,79500  կմ,Ձախ,Սպիտակ,Սեդան,Գերազանց,1.6,28800
2013,Բենզին,92000  կմ,Ձախ,Սև,Սեդան,Լավ,2.0,9500
2017,Բենզին,30000  մղոն,Ձախ,Սպիտակ,Սեդան,Գերազանց,2.0,14500
2019,Բենզին,50  կմ,Ձախ,Սև,Սեդան,Գերազանց,2.0,21800
2016,Բենզին,75000  կմ,Ձախ,Սպիտակ,Սեդան,Գերազանց,1.8,19000
2008,Բենզին,170000  մղոն,Ձախ,Կարմիր,Սեդան,Գերազանց,3.0,10300
2019,Բենզին,85000  կմ,Ձախ,Սպիտակ,Սեդան,Գերազանց,2.0,15750
2019,Բենզին,28000  կմ,Ձախ,Սպիտակ,Հետչբեք,Գերազանց,2.0,17500
2019,Բենզին,19000  մղոն,Ձախ,Այլ գույն,Սեդան,Նոր,2.0,14800
2008,Դիզել,190000  մղոն,Ձախ,Սև,Սեդան,Գերազանց,2.1,10500
2019,Բենզին,23000  մղոն,Ձախ,Արծաթագույն,Ամենագնաց,Գերազանց,2.0,23800
2015,Բենզին,68000  մղոն,Ձախ,Այլ գույն,Սեդան,Գերազանց,2.0,14100
2022,Բենզին,10  կմ,Ձախ,Սպիտակ,Սեդան,Գերազանց,2.0,37800
2011,Բենզին,150000  մղոն,Ձախ,Սև,Սեդան,Գերազանց,2.0,9300
2021,Բենզին,6000  կմ,Ձախ,Սև,Սեդան,Գերազանց,2.0,24000
2014,Բենզին,202000  կմ,Ձախ,Սպիտակ,Ամենագնաց,Լավ,2.0,15500
2019,Բենզին,46000  մղոն,Ձախ,Կապույտ,Սեդան,Գերազանց,2.0,16000
2017,Բենզին,70000  մղոն,Ձախ,Սև,Ամենագնաց,Գերազանց,2.5,18500
2017,Բենզին,50000  մղոն,Ձախ,Կապույտ,Սեդան,Վթարված,2.0,12500
2017,Բենզին,77000  մղոն,Ձախ,Սև,Սեդան,Նոր,2.0,12100
2012,Բենզին,120000  կմ,Ձախ,Սպիտակ,Սեդան,Լավ,2.0,16900
2017,Բենզին,42000  մղոն,Ձախ,Շագանակագույն,Սեդան,Գերազանց,2.0,12600
2018,Բենզին,91000  կմ,Ձախ,Սպիտակ,Հետչբեք,Գերազանց,2.0,15500
2016,Բենզին,56000  մղոն,Ձախ,Ոսկեգույն,Սեդան,Գերազանց,2.0,12900
2021,Բենզին,35000  մղոն,Ձախ,Մոխրագույն,Սեդան,Գերազանց,2.0,20000
2018,Բենզին,83000  մղոն,Ձախ,Կապույտ,Սեդան,Գերազանց,2.0,15800
2017,Բենզին,39000  մղոն,Ձախ,Սպիտակ,Սեդան,Գերազանց,2.0,12700
2018,Բենզին,64000  կմ,Ձախ,Սպիտակ,Ամենագնաց,Վթարված,2.5,15200
2017,Բենզին,130000  կմ,Ձախ,Արծաթագույն,Սեդան,Լավ,2.0,35000
2018,Բենզին,54000  կմ,Ձախ,Արծաթագույն,Սեդան,Գերազանց,2.0,14000
2011,Բենզին և գազ,150000  կմ,Ձախ,Սև,Սեդան,Գերազանց,2.0,10500
2018,Բենզին,21000  մղոն,Ձախ,Արծաթագույն,Սեդան,Գերազանց,2.0,12900
2016,Բենզին,66000  մղոն,Ձախ,Արծաթագույն,Ամենագնաց,Գերազանց,2.0,14700
2019,Բենզին,60000  մղոն,Ձախ,Արծաթագույն,Սեդան,Գերազանց,2.0,18700
2020,Բենզին,36000  կմ,Ձախ,Սև,Սեդան,Գերազանց,1.6,33000
2013,Բենզին,112000  կմ,Ձախ,Սև,Սեդան,Գերազանց,2.0,13450
2017,Բենզին,81000  մղոն,Ձախ,Մոխրագույն,Ամենագնաց,Գերազանց,2.0,16300
2018,Բենզին,75000  մղոն,Ձախ,Արծաթագույն,Սեդան,Գերազանց,2.0,13500
1998,Բենզին,230000  մղոն,Ձախ,Սպիտակ,Սեդան,Լավ,2.8,6500
2021,Բենզին,90000  կմ,Ձախ,Սպիտակ,Սեդան,Գերազանց,2.0,24900
2019,Բենզին,75000  մղոն,Ձախ,Սև,Սեդան,Գերազանց,2.0,15500
2014,Բենզին,190000  կմ,Ձախ,Սպիտակ,Սեդան,Գերազանց,2.0,16300
2005,Բենզին,185300  կմ,Ձախ,Սև,Սեդան,Լավ,2.0,6200
2017,Բենզին,30000  մղոն,Ձախ,Սև,Ամենագնաց,Գերազանց,2.0,16500
2018,Բենզին,73000  կմ,Ձախ,Սև,Ամենագնաց,Գերազանց,2.0,20000
2019,Բենզին,54000  մղոն,Ձախ,Կապույտ,Սեդան,Գերազանց,2.0,17500
2019,Բենզին,68000  մղոն,Ձախ,Արծաթագույն,Ունիվերսալ,Գերազանց,2.5,18400
2011,Գազ,220000  կմ,Ձախ,Սպիտակ,Սեդան,Գերազանց,1.8,10900
2016,Բենզին,110000  կմ,Ձախ,Արծաթագույն,Սեդան,Գերազանց,2.0,10900
2011,Բենզին,208000  կմ,Ձախ,Սպիտակ,Ունիվերսալ,Նորմալ,2.0,8800
2019,Բենզին,68000  կմ,Ձախ,Սպիտակ,Սեդան,Գերազանց,2.0,23500
2013,Բենզին,98000  մղոն,Ձախ,Սև,Սեդան,Գերազանց,2.0,16300
2017,Բենզին,53000  կմ,Ձախ,Սև,Ամենագնաց,Գերազանց,2.5,20300
2018,Բենզին,63000  մղոն,Ձախ,Սպիտակ,Սեդան,Գերազանց,2.0,17300
2016,Բենզին,36494  մղոն,Ձախ,Մոխրագույն,Սեդան,Գերազանց,2.0,15000
2011,Գազ,121000  մղոն,Ձախ,Սև,Սեդան,Գերազանց,2.0,9500
2014,Գազ,79000  մղոն,Ձախ,Սպիտակ,Սեդան,Նորմալ,1.8,10800
2017,Բենզին,34000  մղոն,Ձախ,Սև,Ամենագնաց,Գերազանց,2.0,16500
2013,Գազ,214000  կմ,Ձախ,Սև,Սեդան,Գերազանց,1.6,10500
2020,Բենզին,42000  կմ,Ձախ,Արծաթագույն,Սեդան,Գերազանց,2.0,16000
2008,Գազ,340000  կմ,Ձախ,Սև,Սեդան,Լավ,2.0,7800
2012,Բենզին,87000  մղոն,Ձախ,Սպիտակ,Սեդան,Լավ,2.0,13000
2017,Բենզին,40000  մղոն,Ձախ,Սպիտակ,Սեդան,Գերազանց,2.0,20000
2022,Բենզին,29000  կմ,Ձախ,Սպիտակ,Սեդան,Գերազանց,2.0,24000
2018,Բենզին,12000  կմ,Ձախ,Մոխրագույն,Ունիվերսալ,Գերազանց,2.0,15750
2017,Բենզին,92000  կմ,Ձախ,Այլ գույն,Ամենագնաց,Գերազանց,2.0,17500
2019,Բենզին,30000  մղոն,Ձախ,Այլ գույն,Սեդան,Գերազանց,2.0,17000
2018,Բենզին,72000  մղոն,Ձախ,Սև,Ամենագնաց,Գերազանց,2.0,16000
2021,Հիբրիդ,12000  կմ,Ձախ,Սպիտակ,Սեդան,Գերազանց,1.6,23400
2018,Բենզին,36500  մղոն,Ձախ,Սպիտակ,Սեդան,Գերազանց,2.0,26900
2016,Գազ,160000  մղոն,Ձախ,Սև,Սեդան,Լավ,2.0,12500
2019,Բենզին,44000  մղոն,Ձախ,Սպիտակ,Սեդան,Գերազանց,2.0,21000
2022,Բենզին,25000  մղոն,Ձախ,Սև,Սեդան,Գերազանց,2.0,23900
2020,Բենզին,42000  կմ,Ձախ,Մոխրագույն,Ամենագնաց,Գերազանց,2.0,20000
2022,Բենզին,20000  կմ,Ձախ,Այլ գույն,Սեդան,Գերազանց,2.0,31000
2016,Բենզին,77000  կմ,Ձախ,Սև,Սեդան,Գերազանց,2.0,28000
2018,Բենզին,85000  կմ,Ձախ,Սև,Ամենագնաց,Գերազանց,2.0,19000
2008,Բենզին,147500  մղոն,Ձախ,Արծաթագույն,Սեդան,Լավ,2.0,8300
2021,Բենզին,5180  մղոն,Ձախ,Սև,Սեդան,Վթարված,2.0,15600
2018,Բենզին,80000  կմ,Ձախ,Սև,Սեդան,Գերազանց,2.0,13500
2008,Բենզին,140000  մղոն,Ձախ,Սպիտակ,Սեդան,Լավ,2.0,11000
2021,Բենզին,54000  մղոն,Ձախ,Արծաթագույն,Սեդան,Գերազանց,1.8,19300
2008,Բենզին,270000  կմ,Ձախ,Մոխրագույն,Սեդան,Լավ,3.5,10500
2007,Բենզին և գազ,160000  կմ,Ձախ,Այլ գույն,Սեդան,Լավ,2.0,15750
2013,Գազ,170000  մղոն,Ձախ,Մոխրագույն,Սեդան,Գերազանց,2.0,8500
2014,Բենզին,98000  կմ,Ձախ,Սև,Սեդան,Գերազանց,2.0,16000
2018,Բենզին,70000  մղոն,Ձախ,Սև,Ամենագնաց,Նոր,2.0,18300
2018,Բենզին,113000  մղոն,Ձախ,Սև,Սեդան,Գերազանց,2.0,17700
2021,Բենզին,6900  մղոն,Ձախ,Կապույտ,Ամենագնաց,Գերազանց,2.0,29900
2019,Բենզին,43000  կմ,Ձախ,Սպիտակ,Սեդան,Գերազանց,2.0,17300
2017,Բենզին,74000  կմ,Ձախ,Սպիտակ,Սեդան,Գերազանց,2.0,35000
2017,Բենզին,44000  մղոն,Ձախ,Մոխրագույն,Սեդան,Գերազանց,2.0,13200
2018,Բենզին,18500  մղոն,Ձախ,Սպիտակ,Սեդան,Գերազանց,2.0,32900
2004,Բենզին,302000  կմ,Ձախ,Արծաթագույն,Մինիվեն /  Միկրոավտոբուս,Գերազանց,2.0,5000
2008,Բենզին,132000  կմ,Ձախ,Սև,Սեդան,Լավ,2.0,13750
2022,Բենզին,20  կմ,Ձախ,Սպիտակ,Սեդան,Նոր,2.0,25800
2011,Գազ,168000  մղոն,Ձախ,Սպիտակ,Սեդան,Գերազանց,2.0,8900
2018,Բենզին,79000  մղոն,Ձախ,Սև,Սեդան,Գերազանց,2.0,13500
2020,Բենզին,60200  կմ,Ձախ,Սպիտակ,Սեդան,Գերազանց,1.6,28500
2003,Գազ,203000  կմ,Ձախ,Սև,Սեդան,Լավ,1.8,6200
2019,Բենզին,66000  մղոն,Ձախ,Արծաթագույն,Սեդան,Գերազանց,2.0,17500
2020,Բենզին,33000  կմ,Ձախ,Սպիտակ,Սեդան,Գերազանց,2.0,23800
2017,Բենզին,58000  մղոն,Ձախ,Սպիտակ,Ունիվերսալ,Գերազանց,2.5,18700
2019,Բենզին,19500  կմ,Ձախ,Արծաթագույն,Սեդան,Լավ,2.0,15700
2016,Բենզին,130000  կմ,Ձախ,Սև,Սեդան,Գերազանց,2.0,40000
2011,Գազ,155000  մղոն,Ձախ,Մոխրագույն,Սեդան,Գերազանց,2.0,10300
2022,Բենզին,5000  կմ,Ձախ,Սև,Սեդան,Գերազանց,2.0,15750
2012,Բենզին,89000  կմ,Ձախ,Սպիտակ,Սեդան,Գերազանց,2.0,15500
2019,Բենզին,42504  կմ,Ձախ,Սև,Սեդան,Գերազանց,2.0,31000
2020,Բենզին,26000  կմ,Ձախ,Սև,Սեդան,Գերազանց,2.0,15750
2016,Բենզին,43000  մղոն,Ձախ,Կապույտ,Սեդան,Լավ,2.0,14000
2013,Գազ,90000  մղոն,Ձախ,Մոխրագույն,Սեդան,Գերազանց,2.0,9200
2016,Բենզին,87000  կմ,Ձախ,Սև,Սեդան,Գերազանց,2.0,16500
2020,Բենզին,49000  մղոն,Ձախ,Մոխրագույն,Սեդան,Լավ,2.0,12700
1997,Գազ,209000  կմ,Ձախ,Կապույտ,Սեդան,Լավ,2.0,5700
2019,Բենզին,78000  մղոն,Ձախ,Սպիտակ,Սեդան,Գերազանց,2.0,15750
2020,Բենզին,38000  մղոն,Ձախ,Արծաթագույն,Սեդան,Գերազանց,2.0,15500
2010,Բենզին,157000  կմ,Ձախ,Սպիտակ,Սեդան,Լավ,1.8,12000
2019,Բենզին,63800  մղոն,Ձախ,Մոխրագույն,Սեդան,Գերազանց,2.0,17900
2017,Բենզին,110000  կմ,Ձախ,Սպիտակ,Սեդան,Գերազանց,1.6,19000
2018,Բենզին,68000  մղոն,Ձախ,Սպիտակ,Հետչբեք,Գերազանց,2.0,11800
2019,Բենզին,22000  մղոն,Ձախ,Սև,Սեդան,Գերազանց,2.0,17000
2017,Գազ,58000  մղոն,Ձախ,Սպիտակ,Սեդան,Գերազանց,2.0,12900
2019,Բենզին,45000  մղոն,Ձախ,Սև,Սեդան,Գերազանց,2.0,13700
2010,Բենզին,158000  մղոն,Ձախ,Սև,Սեդան,Լավ,2.0,7300
2008,Բենզին,190000  կմ,Ձախ,Սպիտակ,Սեդան,Լավ,3.0,14800
2011,Գազ,72000  մղոն,Ձախ,Արծաթագույն,Սեդան,Գերազանց,2.0,10200
2017,Բենզին,122000  մղոն,Ձախ,Արծաթագույն,Ունիվերսալ,Գերազանց,2.5,16500
2009,Գազ,145000  կմ,Ձախ,Սպիտակ,Սեդան,Գերազանց,2.0,13000
2018,Բենզին,73000  կմ,Ձախ,Սև,Սեդան,Գերազանց,2.0,12900
2019,Բենզին,66000  մղոն,Ձախ,Սպիտակ,Ամենագնաց,Գերազանց,2.0,21500
2013,Բենզին,180000  կմ,Ձախ,Սպիտակ,Սեդան,Լավ,1.8,12500
2020,Բենզին,29000  մղոն,Ձախ,Մոխրագույն,Սեդան,Գերազանց,2.0,16000
2011,Բենզին,230000  կմ,Ձախ,Սև,Սեդան,Լավ,1.6,8600
2017,Բենզին,100000  մղոն,Ձախ,Կարմիր,Ամենագնաց,Գերազանց,2.5,16000
2019,Բենզին,44500  մղոն,Ձախ,Սպիտակ,Սեդան,Գերազանց,2.0,18000
2019,Բենզին,30200  մղոն,Ձախ,Սև,Սեդան,Լավ,2.0,15500
2017,Բենզին,56000  կմ,Ձախ,Մոխրագույն,Ամենագնաց,Գերազանց,2.5,18900
2017,Բենզին,77000  մղոն,Ձախ,Այլ գույն,Սեդան,Գերազանց,2.0,13000
2017,Բենզին,78000  մղոն,Ձախ,Սև,Ունիվերսալ,Գերազանց,2.5,17500
2012,Բենզին,183000  մղոն,Ձախ,Սև,Սեդան,Լավ,2.0,7900
2017,Բենզին,60000  մղոն,Ձախ,Արծաթագույն,Սեդան,Լավ,2.0,12000
2020,Բենզին,19000  մղոն,Ձախ,Սև,Ամենագնաց,Գերազանց,2.0,19500
2019,Բենզին,46000  մղոն,Ձախ,Սև,Սեդան,Գերազանց,2.0,16600
2020,Բենզին,128000  կմ,Ձախ,Սպիտակ,Սեդան,Գերազանց,2.0,14500
2020,Բենզին,300000  կմ,Ձախ,Սպիտակ,Սեդան,Նորմալ,2.0,13000
2015,Բենզին,190000  կմ,Ձախ,Սպիտակ,Սեդան,Գերազանց,2.0,26700
1997,Բենզին և գազ,180000  կմ,Ձախ,Կապույտ,Սեդան,Լավ,1.8,15750
2018,Բենզին,59000  մղոն,Ձախ,Կապույտ,Սեդան,Լավ,2.0,13500
2008,Բենզին և գազ,150000  կմ,Ձախ,Կանաչ,Սեդան,Գերազանց,1.8,9500
2017,Բենզին,43000  մղոն,Ձախ,Սև,Ամենագնաց,Գերազանց,2.0,17600
2017,Բենզին,146000  կմ,Ձախ,Արծաթագույն,Ամենագնաց,Լավ,2.0,14600
2008,Բենզին,205000  կմ,Ձախ,Ոսկեգույն,Սեդան,Նորմալ,2.0,15750
2020,Բենզին,60000  մղոն,Ձախ,Սև,Սեդան,Նոր,2.0,15000
2016,Բենզին,85000  կմ,Ձախ,Սև,Սեդան,Գերազանց,2.0,15300
2018,Գազ,83000  մղոն,Ձախ,Կարմիր,Ունիվերսալ,Գերազանց,2.0,14900
2016,Գազ,115000  կմ,Ձախ,Սպիտակ,Սեդան,Գերազանց,2.0,16500
2020,Բենզին,67500  կմ,Ձախ,Սև,Սեդան,Գերազանց,1.8,18500
1999,Գազ,277000  կմ,Ձախ,Կապույտ,Սեդան,Գերազանց,2.0,6000
1998,Բենզին,152000  կմ,Ձախ,Սև,Սեդան,Գերազանց,2.0,4600
2021,Բենզին,18211  մղոն,Ձախ,Մոխրագույն,Ամենագնաց,Գերազանց,2.5,35000
2011,Գազ,145000  կմ,Ձախ,Սև,Սեդան,Լավ,1.8,15750
2015,Բենզին,42000  մղոն,Ձախ,Մոխրագույն,Սեդան,Գերազանց,2.0,11500
2021,Բենզին,27000  կմ,Ձախ,Կարմիր,Ամենագնաց,Նոր,2.5,30000
2023,Բենզին,12500  կմ,Ձախ,Արծաթագույն,Սեդան,Գերազանց,2.0,26000
2019,Բենզին,37000  մղոն,Ձախ,Կարմիր,Սեդան,Գերազանց,2.0,14400
2019,Բենզին,21000  կմ,Ձախ,Կապույտ,Սեդան,Գերազանց,2.0,14900
2018,Բենզին,57000  մղոն,Ձախ,Կարմիր,Սեդան,Գերազանց,2.0,16000
1995,Գազ,350000  կմ,Ձախ,Արծաթագույն,Սեդան,Լավ,2.0,6000
2020,Բենզին,37000  մղոն,Ձախ,Արծաթագույն,Սեդան,Գերազանց,2.0,15000
2018,Բենզին,100000  մղոն,Ձախ,Արծաթագույն,Ամենագնաց,Գերազանց,2.0,17500
2017,Բենզին,48000  մղոն,Ձախ,Այլ գույն,Ամենագնաց,Գերազանց,2.0,17000
2017,Բենզին,93000  կմ,Ձախ,Սպիտակ,Ամենագնաց,Գերազանց,2.0,15600
2011,Բենզին,105000  մղոն,Ձախ,Սև,Սեդան,Գերազանց,2.0,12000
2015,Բենզին,90000  մղոն,Ձախ,Բալագույն,Ամենագնաց,Գերազանց,2.0,14900
2021,Բենզին,9000  կմ,Ձախ,Սև,Սեդան,Գերազանց,2.0,26000
2015,Բենզին,120000  կմ,Ձախ,Բալագույն,Սեդան,Գերազանց,2.0,25500
2022,Բենզին,4000  կմ,Ձախ,Սև,Հետչբեք,Գերազանց,2.0,25000
2016,Բենզին,74000  մղոն,Ձախ,Այլ գույն,Սեդան,Գերազանց,2.0,14700
2020,Բենզին,17000  մղոն,Ձախ,Սպիտակ,Սեդան,Գերազանց,2.0,18500
2019,Բենզին,58000  մղոն,Ձախ,Կապույտ,Սեդան,Գերազանց,2.0,15500
2009,Բենզին,123000  մղոն,Ձախ,Կարմիր,Սեդան,Գերազանց,2.0,12000
2021,Բենզին,7700  կմ,Ձախ,Կապույտ,Սեդան,Գերազանց,2.0,25500
2017,Բենզին,20000  կմ,Ձախ,Արծաթագույն,Սեդան,Գերազանց,2.0,32800
2016,Բենզին,103000  կմ,Ձախ,Սև,Սեդան,Գերազանց,2.0,25000
1998,Բենզին,155000  կմ,Ձախ,Այլ գույն,Սեդան,Գերազանց,2.0,7000
2009,Գազ,160  կմ,Ձախ,Շագանակագույն,Սեդան,Լավ,2.0,11700
2020,Բենզին,52000  մղոն,Ձախ,Մոխրագույն,Ամենագնաց,Գերազանց,2.0,19000
2019,Բենզին,29000  կմ,Ձախ,Սպիտակ,Սեդան,Գերազանց,2.0,23500
2023,Բենզին,50  կմ,Ձախ,Շագանակագույն,Սեդան,Լավ,1.2,24000
2019,Բենզին,57800  մղոն,Ձախ,Մանուշակագույն,Սեդան,Լավ,2.0,16500
2008,Բենզին,102000  մղոն,Ձախ,Սպիտակ,Սեդան,Գերազանց,3.0,11800
2016,Բենզին,100000  կմ,Ձախ,Սև,Սեդան,Գերազանց,1.6,17500
2016,Բենզին,69000  մղոն,Ձախ,Մոխրագույն,Սեդան,Լավ,2.0,12000
2015,Բենզին,111111  մղոն,Ձախ,Սպիտակ,Սեդան,Լավ,2.0,11300
2017,Բենզին,47900  մղոն,Ձախ,Կարմիր,Ամենագնաց,Գերազանց,2.0,16500
2018,Գազ,67000  կմ,Ձախ,Կապույտ,Սեդան,Լավ,2.0,15500
2018,Բենզին,83600  կմ,Ձախ,Մոխրագույն,Ամենագնաց,Գերազանց,2.5,18500
2017,Բենզին,180000  կմ,Ձախ,Սպիտակ,Ամենագնաց,Գերազանց,2.0,17500
2018,Բենզին,69000  կմ,Ձախ,Սև,Սեդան,Գերազանց,2.0,25400
2017,Բենզին,120000  մղոն,Ձախ,Սպիտակ,Սեդան,Լավ,2.0,12400
2014,Բենզին,170000  կմ,Ձախ,Սև,Սեդան,Լավ,2.0,16500
2018,Բենզին,68900  մղոն,Ձախ,Կապույտ,Ամենագնաց,Լավ,2.0,19500
2019,Բենզին,31000  մղոն,Ձախ,Սև,Ամենագնաց,Գերազանց,2.0,19500
2022,Բենզին,20  կմ,Ձախ,Սպիտակ,Սեդան,Գերազանց,2.0,28500
